-- MySQL dump 10.13  Distrib 8.0.31, for Linux (x86_64)
--
-- Host: localhost    Database: sbecomLive
-- ------------------------------------------------------
-- Server version	8.0.31-0ubuntu0.20.04.1

/*!40101 SET @OLD_CHARACTER_SET_CLIENT=@@CHARACTER_SET_CLIENT */;
/*!40101 SET @OLD_CHARACTER_SET_RESULTS=@@CHARACTER_SET_RESULTS */;
/*!40101 SET @OLD_COLLATION_CONNECTION=@@COLLATION_CONNECTION */;
/*!50503 SET NAMES utf8mb4 */;
/*!40103 SET @OLD_TIME_ZONE=@@TIME_ZONE */;
/*!40103 SET TIME_ZONE='+00:00' */;
/*!40014 SET @OLD_UNIQUE_CHECKS=@@UNIQUE_CHECKS, UNIQUE_CHECKS=0 */;
/*!40014 SET @OLD_FOREIGN_KEY_CHECKS=@@FOREIGN_KEY_CHECKS, FOREIGN_KEY_CHECKS=0 */;
/*!40101 SET @OLD_SQL_MODE=@@SQL_MODE, SQL_MODE='NO_AUTO_VALUE_ON_ZERO' */;
/*!40111 SET @OLD_SQL_NOTES=@@SQL_NOTES, SQL_NOTES=0 */;

--
-- Table structure for table `banners`
--

DROP TABLE IF EXISTS `banners`;
/*!40101 SET @saved_cs_client     = @@character_set_client */;
/*!50503 SET character_set_client = utf8mb4 */;
CREATE TABLE `banners` (
  `id` int unsigned NOT NULL AUTO_INCREMENT,
  `first_heading` varchar(127) NOT NULL COMMENT 'first heading of banner',
  `second_heading` varchar(127) NOT NULL COMMENT 'second heading of banner',
  `button_link` varchar(127) DEFAULT NULL COMMENT 'button link',
  `baneer_image_name` varchar(127) NOT NULL COMMENT 'image name',
  `location` varchar(127) DEFAULT NULL COMMENT 'location',
  `status` tinyint NOT NULL DEFAULT '1' COMMENT '1 for active and 0 for inactive',
  `created_at` timestamp NULL DEFAULT CURRENT_TIMESTAMP,
  `updated_at` timestamp NOT NULL DEFAULT CURRENT_TIMESTAMP,
  PRIMARY KEY (`id`),
  KEY `status` (`status`)
) ENGINE=InnoDB AUTO_INCREMENT=11 DEFAULT CHARSET=latin1;
/*!40101 SET character_set_client = @saved_cs_client */;

--
-- Dumping data for table `banners`
--

LOCK TABLES `banners` WRITE;
/*!40000 ALTER TABLE `banners` DISABLE KEYS */;
INSERT INTO `banners` VALUES (1,'test','testing','','banner.jpg',NULL,0,'2022-10-31 02:55:35','2022-11-09 11:11:52'),(2,'Sindbad Gold and Silver Membership Just Got','Easier !','https://sindbad.omanair.com/spend-miles-seat-selection','1 (1).jpg',NULL,1,'2022-11-01 00:11:18','2022-11-15 06:57:17'),(3,'Extension of Sindbad Miles','Tier Status and Upgrade Vouchers','https://sindbad.omanair.com/with-you-throughout-both-good-and-challenging-times-covid-19','2 (1).jpg',NULL,1,'2022-11-09 11:21:47','2022-11-15 06:58:49'),(4,'Pick a seat used your sindbad miles to pay for your','economy class seat of your choice','https://sindbad.omanair.com/Qualifying-Sindbad-tier-has-just-got-easier','3 (1).jpg',NULL,1,'2022-11-09 11:26:19','2022-11-15 06:57:40'),(5,'c','c jj','','Experiences_digital_banner.png',NULL,0,'2022-11-10 05:37:15','2022-11-10 05:37:48'),(6,'Win a 2-night escape to the amazing','25-HOURS Hotel One Central, Dubai.','https://sindbad.omanair.com/SindbadProd/raffle/viewPromo','2.jpg',NULL,1,'2022-11-15 07:02:27','2022-11-15 07:27:27'),(7,'Now earn Sindbad Miles on purchases','made at any Joyalukkas store','https://sindbad.omanair.com/sindbad-raffle-surprise','',NULL,0,'2022-11-15 07:05:39','2022-11-15 07:07:26'),(8,'Now earn Sindbad Miles on purchases','made at any Joyalukkas store','https://sindbad.omanair.com/sindbad-raffle-surprise','',NULL,0,'2022-11-15 07:08:30','2022-11-15 07:13:57'),(9,'dd','ggggggggggggggggggggggggggggggggg','https://sindbad.omanair.com/sindbad-raffle-surprise','rr.jpg',NULL,0,'2022-11-15 07:09:26','2022-11-15 07:14:02'),(10,'Our journey with Joyalukkas continues','Being a Sindbad member is special','https://sindbad.omanair.com/sindbad-raffle-surprise','j (1).jpg',NULL,1,'2022-11-15 07:16:48','2022-11-15 07:31:41');
/*!40000 ALTER TABLE `banners` ENABLE KEYS */;
UNLOCK TABLES;

--
-- Table structure for table `booked_order_products`
--

DROP TABLE IF EXISTS `booked_order_products`;
/*!40101 SET @saved_cs_client     = @@character_set_client */;
/*!50503 SET character_set_client = utf8mb4 */;
CREATE TABLE `booked_order_products` (
  `id` int unsigned NOT NULL AUTO_INCREMENT,
  `product_id` int NOT NULL,
  `order_id` int NOT NULL,
  `count` int DEFAULT '0',
  `status` tinyint NOT NULL DEFAULT '1' COMMENT '1 for active and 0 for inactive',
  `created_at` timestamp NULL DEFAULT CURRENT_TIMESTAMP,
  `updated_at` timestamp NOT NULL DEFAULT CURRENT_TIMESTAMP,
  PRIMARY KEY (`id`),
  KEY `order_id` (`order_id`),
  KEY `product_id` (`product_id`),
  KEY `count` (`count`),
  KEY `status` (`status`)
) ENGINE=InnoDB DEFAULT CHARSET=latin1;
/*!40101 SET character_set_client = @saved_cs_client */;

--
-- Dumping data for table `booked_order_products`
--

LOCK TABLES `booked_order_products` WRITE;
/*!40000 ALTER TABLE `booked_order_products` DISABLE KEYS */;
/*!40000 ALTER TABLE `booked_order_products` ENABLE KEYS */;
UNLOCK TABLES;

--
-- Table structure for table `brands`
--

DROP TABLE IF EXISTS `brands`;
/*!40101 SET @saved_cs_client     = @@character_set_client */;
/*!50503 SET character_set_client = utf8mb4 */;
CREATE TABLE `brands` (
  `id` int unsigned NOT NULL AUTO_INCREMENT,
  `brand_name` varchar(127) CHARACTER SET latin1 COLLATE latin1_swedish_ci DEFAULT NULL COMMENT 'brand name',
  `brands_category_id` int DEFAULT NULL COMMENT 'category_id ',
  `status` tinyint DEFAULT '1' COMMENT '1 for active and 0 for inactive',
  `created_at` timestamp NULL DEFAULT CURRENT_TIMESTAMP,
  `updated_at` timestamp NULL DEFAULT CURRENT_TIMESTAMP,
  PRIMARY KEY (`id`),
  KEY `brand_name` (`brand_name`),
  KEY `status` (`status`),
  KEY `brands_category_id` (`brands_category_id`)
) ENGINE=InnoDB AUTO_INCREMENT=176 DEFAULT CHARSET=latin1;
/*!40101 SET character_set_client = @saved_cs_client */;

--
-- Dumping data for table `brands`
--

LOCK TABLES `brands` WRITE;
/*!40000 ALTER TABLE `brands` DISABLE KEYS */;
INSERT INTO `brands` VALUES (1,'BENEFIT',1,1,'2022-12-19 11:56:07','2022-12-19 11:56:07'),(2,'MAC',1,1,'2022-12-19 11:56:07','2022-12-19 11:56:07'),(3,'ANKER',2,1,'2022-12-19 11:56:07','2022-12-19 11:56:07'),(4,'JBL',2,1,'2022-12-19 11:56:07','2022-12-19 11:56:07'),(5,'Godiva',3,1,'2022-12-19 11:56:07','2022-12-19 11:56:07'),(6,'LINDT',3,1,'2022-12-19 11:56:07','2022-12-19 11:56:07'),(7,'QUALITY STREET',3,1,'2022-12-19 11:56:07','2022-12-19 11:56:07'),(8,'FERRERO',3,1,'2022-12-19 11:56:07','2022-12-19 11:56:07'),(9,'NUTELLA',3,1,'2022-12-19 11:56:07','2022-12-19 11:56:07'),(10,'TOBLERONE',3,1,'2022-12-19 11:56:07','2022-12-19 11:56:07'),(11,'DAIM',3,1,'2022-12-19 11:56:07','2022-12-19 11:56:07'),(12,'Kraft Tang Powdered Juice',3,1,'2022-12-19 11:56:07','2022-12-19 11:56:07'),(13,'MILKA',3,1,'2022-12-19 11:56:07','2022-12-19 11:56:07'),(14,'KINDER',3,1,'2022-12-19 11:56:07','2022-12-19 11:56:07'),(15,'NESTLE SWISS',3,1,'2022-12-19 11:56:07','2022-12-19 11:56:07'),(16,'KIT KAT',3,1,'2022-12-19 11:56:07','2022-12-19 11:56:07'),(17,'CADBURY',3,1,'2022-12-19 11:56:07','2022-12-19 11:56:07'),(18,'AFTER EIGHT',3,1,'2022-12-19 11:56:07','2022-12-19 11:56:07'),(19,'Smarties',3,1,'2022-12-19 11:56:07','2022-12-19 11:56:07'),(20,'GYMA SPICES',3,1,'2022-12-19 11:56:07','2022-12-19 11:56:07'),(21,'ANTONIO BANDERAS',4,1,'2022-12-19 11:56:07','2022-12-19 11:56:07'),(22,'Ajmal',4,1,'2022-12-19 11:56:07','2022-12-19 11:56:07'),(23,'Armani',4,1,'2022-12-19 11:56:07','2022-12-19 11:56:07'),(24,'Asghar Ali',4,1,'2022-12-19 11:56:07','2022-12-19 11:56:07'),(25,'HUGO BOSS',4,1,'2022-12-19 11:56:07','2022-12-19 11:56:07'),(26,'Burberry',4,1,'2022-12-19 11:56:07','2022-12-19 11:56:07'),(27,'BVLGARI',4,1,'2022-12-19 11:56:07','2022-12-19 11:56:07'),(28,'Carolina Herrera',4,1,'2022-12-19 11:56:07','2022-12-19 11:56:07'),(29,'Chloe',4,1,'2022-12-19 11:56:07','2022-12-19 11:56:07'),(30,'Chopard',4,1,'2022-12-19 11:56:07','2022-12-19 11:56:07'),(31,'Calvin Klein',4,1,'2022-12-19 11:56:07','2022-12-19 11:56:07'),(32,'COACH',4,1,'2022-12-19 11:56:07','2022-12-19 11:56:07'),(33,'GIVENCHY',4,1,'2022-12-19 11:56:07','2022-12-19 11:56:07'),(34,'HERMES',4,1,'2022-12-19 11:56:07','2022-12-19 11:56:07'),(35,'Issey Miyake',4,1,'2022-12-19 11:56:07','2022-12-19 11:56:07'),(36,'JIMMY CHOO',4,1,'2022-12-19 11:56:07','2022-12-19 11:56:07'),(37,'Jean Paul Gaultier',4,1,'2022-12-19 11:56:07','2022-12-19 11:56:07'),(38,'Kenzo',4,1,'2022-12-19 11:56:07','2022-12-19 11:56:07'),(39,'LACOSTE',4,1,'2022-12-19 11:56:07','2022-12-19 11:56:07'),(40,'LANCOME',4,1,'2022-12-19 11:56:07','2022-12-19 11:56:07'),(41,'Loccitane',4,1,'2022-12-19 11:56:07','2022-12-19 11:56:07'),(42,'Marc Jacobs',4,1,'2022-12-19 11:56:07','2022-12-19 11:56:07'),(43,'MONT BLANC TWL',4,1,'2022-12-19 11:56:07','2022-12-19 11:56:07'),(44,'MOSCHINO',4,1,'2022-12-19 11:56:07','2022-12-19 11:56:07'),(45,'Narciso Rodriguez',4,1,'2022-12-19 11:56:07','2022-12-19 11:56:07'),(46,'Paco Rabanne',4,1,'2022-12-19 11:56:07','2022-12-19 11:56:07'),(47,'Roberto Cavalli',4,1,'2022-12-19 11:56:07','2022-12-19 11:56:07'),(48,'Ralph Lauren',4,1,'2022-12-19 11:56:07','2022-12-19 11:56:07'),(49,'RAYDAN',4,1,'2022-12-19 11:56:07','2022-12-19 11:56:07'),(50,'Tiffany',4,1,'2022-12-19 11:56:07','2022-12-19 11:56:07'),(51,'Valentino',4,1,'2022-12-19 11:56:07','2022-12-19 11:56:07'),(52,'Versace',4,1,'2022-12-19 11:56:07','2022-12-19 11:56:07'),(53,'JAGERMEISTER',5,1,'2022-12-19 11:56:07','2022-12-19 11:56:07'),(54,'Pernod',5,1,'2022-12-19 11:56:07','2022-12-19 11:56:07'),(55,'Pimms',5,1,'2022-12-19 11:56:07','2022-12-19 11:56:07'),(56,'CORONA BEER',5,1,'2022-12-19 11:56:07','2022-12-19 11:56:07'),(57,'Carlsberg',5,1,'2022-12-19 11:56:07','2022-12-19 11:56:07'),(58,'Budweiser',5,1,'2022-12-19 11:56:07','2022-12-19 11:56:07'),(59,'STELLA ARTOIS',5,1,'2022-12-19 11:56:07','2022-12-19 11:56:07'),(60,'EMPERADOR',5,1,'2022-12-19 11:56:07','2022-12-19 11:56:07'),(61,'Jack Daniels',5,1,'2022-12-19 11:56:07','2022-12-19 11:56:07'),(62,'Woodford Reserve',5,1,'2022-12-19 11:56:07','2022-12-19 11:56:07'),(63,'PRG CHAMPAGNE & SPARKLING WINE',5,0,'2022-12-19 11:56:07','2022-12-19 12:48:40'),(64,'PIPER-HEIDSIECK',5,1,'2022-12-19 11:56:07','2022-12-19 11:56:07'),(65,'Moet & Chandon',5,1,'2022-12-19 11:56:07','2022-12-19 11:56:07'),(66,'Baileys',5,1,'2022-12-19 11:56:07','2022-12-19 11:56:07'),(67,'Sheridans Liqueur',5,1,'2022-12-19 11:56:07','2022-12-19 11:56:07'),(68,'Capt Morgan',5,1,'2022-12-19 11:56:07','2022-12-19 11:56:07'),(69,'Havana Club',5,1,'2022-12-19 11:56:07','2022-12-19 11:56:07'),(70,'Bacardi',5,1,'2022-12-19 11:56:07','2022-12-19 11:56:07'),(71,'Tanquery',5,1,'2022-12-19 11:56:07','2022-12-19 11:56:07'),(72,'EDINBURGH GIN',5,1,'2022-12-19 11:56:07','2022-12-19 11:56:07'),(73,'HENDRICKS',5,1,'2022-12-19 11:56:07','2022-12-19 11:56:07'),(74,'Bombay Saphire',5,1,'2022-12-19 11:56:07','2022-12-19 11:56:07'),(75,'Gordon\'s',5,1,'2022-12-19 11:56:07','2022-12-19 11:56:07'),(76,'ZACAPA',5,1,'2022-12-19 11:56:07','2022-12-19 11:56:07'),(77,'WILLIAM GRANTS',5,1,'2022-12-19 11:56:07','2022-12-19 11:56:07'),(78,'TULLAMORE',5,1,'2022-12-19 11:56:07','2022-12-19 11:56:07'),(79,'MALIBU RUM',5,1,'2022-12-19 11:56:07','2022-12-19 11:56:07'),(80,'Benedictine',5,1,'2022-12-19 11:56:07','2022-12-19 11:56:07'),(81,'KAHLUA',5,1,'2022-12-19 11:56:07','2022-12-19 11:56:07'),(82,'PATRON',5,1,'2022-12-19 11:56:07','2022-12-19 11:56:07'),(83,'Wincarnis',5,1,'2022-12-19 11:56:07','2022-12-19 11:56:07'),(84,'TURKEY FLAT',5,1,'2022-12-19 11:56:07','2022-12-19 11:56:07'),(85,'OYSTER BAY',5,1,'2022-12-19 11:56:07','2022-12-19 11:56:07'),(86,'TORRES',5,1,'2022-12-19 11:56:07','2022-12-19 11:56:07'),(87,'0',5,1,'2022-12-19 11:56:07','2022-12-19 11:56:07'),(88,'PRG WINES',5,1,'2022-12-19 11:56:07','2022-12-19 11:56:07'),(89,'Black & White',5,1,'2022-12-19 11:56:07','2022-12-19 11:56:07'),(90,'Vat 69',5,1,'2022-12-19 11:56:07','2022-12-19 11:56:07'),(91,'Passport',5,1,'2022-12-19 11:56:07','2022-12-19 11:56:07'),(92,'100 Pipers',5,1,'2022-12-19 11:56:07','2022-12-19 11:56:07'),(93,'Chivas Regal',5,1,'2022-12-19 11:56:07','2022-12-19 11:56:07'),(94,'Dewars',5,1,'2022-12-19 11:56:07','2022-12-19 11:56:07'),(95,'Johnnie Walker',5,1,'2022-12-19 11:56:07','2022-12-19 11:56:07'),(96,'BALLANTINES',5,1,'2022-12-19 11:56:07','2022-12-19 11:56:07'),(97,'Famous Grouse',5,1,'2022-12-19 11:56:07','2022-12-19 11:56:07'),(98,'GLEN DEVERON',5,1,'2022-12-19 11:56:07','2022-12-19 11:56:07'),(99,'DALMORE',5,1,'2022-12-19 11:56:07','2022-12-19 11:56:07'),(100,'Talisker',5,1,'2022-12-19 11:56:07','2022-12-19 11:56:07'),(101,'Glenlivet',5,1,'2022-12-19 11:56:07','2022-12-19 11:56:07'),(102,'GLENKINCHIE',5,1,'2022-12-19 11:56:07','2022-12-19 11:56:07'),(103,'Caol Ila',5,1,'2022-12-19 11:56:07','2022-12-19 11:56:07'),(104,'Lagavulin',5,1,'2022-12-19 11:56:07','2022-12-19 11:56:07'),(105,'Dalwhinnie',5,1,'2022-12-19 11:56:07','2022-12-19 11:56:07'),(106,'LONGMORN',5,1,'2022-12-19 11:56:07','2022-12-19 11:56:07'),(107,'SMOKEHEAD',5,1,'2022-12-19 11:56:07','2022-12-19 11:56:07'),(108,'Royal Brackla',5,1,'2022-12-19 11:56:07','2022-12-19 11:56:07'),(109,'ABERFELDY',5,1,'2022-12-19 11:56:07','2022-12-19 11:56:07'),(110,'SINGLETON',5,1,'2022-12-19 11:56:07','2022-12-19 11:56:07'),(111,'GLENFIDDICH',5,1,'2022-12-19 11:56:07','2022-12-19 11:56:07'),(112,'MORTLACH',5,1,'2022-12-19 11:56:07','2022-12-19 11:56:07'),(113,'Glen Turner',5,1,'2022-12-19 11:56:07','2022-12-19 11:56:07'),(114,'Isle Of Jura',5,1,'2022-12-19 11:56:07','2022-12-19 11:56:07'),(115,'Royal Salute',5,1,'2022-12-19 11:56:07','2022-12-19 11:56:07'),(116,'WHYTE & MACKAY',5,1,'2022-12-19 11:56:07','2022-12-19 11:56:07'),(117,'Teachers',5,1,'2022-12-19 11:56:07','2022-12-19 11:56:07'),(118,'Copper Dog',5,1,'2022-12-19 11:56:07','2022-12-19 11:56:07'),(119,'J&B',5,1,'2022-12-19 11:56:07','2022-12-19 11:56:07'),(120,'MONKEY SHOULDER',5,1,'2022-12-19 11:56:07','2022-12-19 11:56:07'),(121,'Cutty Sark',5,1,'2022-12-19 11:56:07','2022-12-19 11:56:07'),(122,'Martini',5,1,'2022-12-19 11:56:07','2022-12-19 11:56:07'),(123,'JOSE CUERVO',5,1,'2022-12-19 11:56:07','2022-12-19 11:56:07'),(124,'ABSOLUT',5,1,'2022-12-19 11:56:07','2022-12-19 11:56:07'),(125,'Grey Goose',5,1,'2022-12-19 11:56:07','2022-12-19 11:56:07'),(126,'KETTLE ONE',5,1,'2022-12-19 11:56:07','2022-12-19 11:56:07'),(127,'Ciroc',5,1,'2022-12-19 11:56:07','2022-12-19 11:56:07'),(128,'Stolichanaya',5,1,'2022-12-19 11:56:07','2022-12-19 11:56:07'),(129,'Smirnoff',5,1,'2022-12-19 11:56:07','2022-12-19 11:56:07'),(130,'Otard',5,1,'2022-12-19 11:56:07','2022-12-19 11:56:07'),(131,'Martell',5,1,'2022-12-19 11:56:07','2022-12-19 11:56:07'),(132,'HENNESSY',5,1,'2022-12-19 11:56:07','2022-12-19 11:56:07'),(133,'KAPUKA',5,1,'2022-12-19 11:56:07','2022-12-19 11:56:07'),(134,'WITHER HILLS',5,1,'2022-12-19 11:56:07','2022-12-19 11:56:07'),(135,'TAKAMAKA RUM',5,1,'2022-12-19 11:56:07','2022-12-19 11:56:07'),(136,'KIEHLS',6,1,'2022-12-19 11:56:07','2022-12-19 11:56:07'),(137,'AL FAKHER',7,1,'2022-12-19 11:56:07','2022-12-19 11:56:07'),(138,'Al Nakhla Shisha Tobacco',7,1,'2022-12-19 11:56:07','2022-12-19 11:56:07'),(139,'Benson & Hedges',7,1,'2022-12-19 11:56:07','2022-12-19 11:56:07'),(140,'CHUNGHWA',7,1,'2022-12-19 11:56:07','2022-12-19 11:56:07'),(141,'Davidoff',7,1,'2022-12-19 11:56:07','2022-12-19 11:56:07'),(142,'DUNHILL',7,1,'2022-12-19 11:56:07','2022-12-19 11:56:07'),(143,'Gauloises',7,1,'2022-12-19 11:56:07','2022-12-19 11:56:07'),(144,'Gitanes',7,1,'2022-12-19 11:56:07','2022-12-19 11:56:07'),(145,'Golden Virginia',7,1,'2022-12-19 11:56:08','2022-12-19 11:56:08'),(146,'John Player Gold Leaf',7,1,'2022-12-19 11:56:08','2022-12-19 11:56:08'),(147,'L&B',7,1,'2022-12-19 11:56:08','2022-12-19 11:56:08'),(148,'L&M',7,1,'2022-12-19 11:56:08','2022-12-19 11:56:08'),(149,'LUCKYSTRIKE',7,1,'2022-12-19 11:56:08','2022-12-19 11:56:08'),(150,'Marlboro',7,1,'2022-12-19 11:56:08','2022-12-19 11:56:08'),(151,'PARLIAMENT',7,1,'2022-12-19 11:56:08','2022-12-19 11:56:08'),(152,'Philip Morris',7,1,'2022-12-19 11:56:08','2022-12-19 11:56:08'),(153,'Rothmans',7,1,'2022-12-19 11:56:08','2022-12-19 11:56:08'),(154,'Silk Cut',7,1,'2022-12-19 11:56:08','2022-12-19 11:56:08'),(155,'Vogue',7,1,'2022-12-19 11:56:08','2022-12-19 11:56:08'),(156,'West',7,1,'2022-12-19 11:56:08','2022-12-19 11:56:08'),(157,'Winston',7,1,'2022-12-19 11:56:08','2022-12-19 11:56:08'),(158,'LEGO',8,1,'2022-12-19 11:56:08','2022-12-19 11:56:08'),(159,'SAMSONITE',9,1,'2022-12-19 11:56:08','2022-12-19 11:56:08'),(160,'CELEBRATIONS',3,1,'2022-12-19 11:56:08','2022-12-19 11:56:08'),(161,'Skittles, Starburst,Maltesers',3,1,'2022-12-19 11:56:08','2022-12-19 11:56:08'),(162,'GALAXY',3,1,'2022-12-19 11:56:08','2022-12-19 11:56:08'),(163,'SNICKERS',3,1,'2022-12-19 11:56:08','2022-12-19 11:56:08'),(164,'BOUNTY',3,1,'2022-12-19 11:56:08','2022-12-19 11:56:08'),(165,'MARS',3,1,'2022-12-19 11:56:08','2022-12-19 11:56:08'),(166,'TWIX',3,1,'2022-12-19 11:56:08','2022-12-19 11:56:08'),(167,'MM',3,1,'2022-12-19 11:56:08','2022-12-19 11:56:08'),(168,'MIXED MINIS - MASTER FOOD',3,1,'2022-12-19 11:56:08','2022-12-19 11:56:08'),(169,'Rituals',4,1,'2022-12-19 11:56:08','2022-12-19 11:56:08'),(170,'CAMPENY BRANDY',5,1,'2022-12-19 11:56:08','2022-12-19 11:56:08'),(171,'BEEHIVE',5,1,'2022-12-19 11:56:08','2022-12-19 11:56:08'),(172,'Camel',7,1,'2022-12-19 11:56:08','2022-12-19 11:56:08'),(173,'KENT',7,1,'2022-12-19 11:56:08','2022-12-19 11:56:08'),(174,'MAYFAIR Cigarettes',7,1,'2022-12-19 11:56:08','2022-12-19 11:56:08'),(175,'Superkings',7,1,'2022-12-19 11:56:08','2022-12-19 11:56:08');
/*!40000 ALTER TABLE `brands` ENABLE KEYS */;
UNLOCK TABLES;

--
-- Table structure for table `categories`
--

DROP TABLE IF EXISTS `categories`;
/*!40101 SET @saved_cs_client     = @@character_set_client */;
/*!50503 SET character_set_client = utf8mb4 */;
CREATE TABLE `categories` (
  `id` int unsigned NOT NULL AUTO_INCREMENT,
  `category_name` varchar(127) CHARACTER SET latin1 COLLATE latin1_swedish_ci DEFAULT NULL COMMENT 'category name',
  `category_image_name` varchar(127) CHARACTER SET latin1 COLLATE latin1_swedish_ci DEFAULT NULL COMMENT 'category_image_name is category image',
  `status` tinyint DEFAULT '1' COMMENT '1 for active and 0 for inactive',
  `created_at` timestamp NULL DEFAULT CURRENT_TIMESTAMP,
  `updated_at` timestamp NULL DEFAULT CURRENT_TIMESTAMP,
  PRIMARY KEY (`id`),
  KEY `category_name` (`category_name`),
  KEY `status` (`status`)
) ENGINE=InnoDB AUTO_INCREMENT=10 DEFAULT CHARSET=latin1;
/*!40101 SET character_set_client = @saved_cs_client */;

--
-- Dumping data for table `categories`
--

LOCK TABLES `categories` WRITE;
/*!40000 ALTER TABLE `categories` DISABLE KEYS */;
INSERT INTO `categories` VALUES (1,'Cosmetics / Make-up','Cosmetic.png',1,'2022-12-19 11:52:02','2022-12-19 11:52:02'),(2,'Electronics & Communication','Electronic_1.png',1,'2022-12-19 11:52:02','2022-12-19 11:52:02'),(3,'Food & Confectionery','Food_Confectonery.png',1,'2022-12-19 11:52:02','2022-12-19 11:52:02'),(4,'Fragrances','Fragrances.jpg',1,'2022-12-19 11:52:02','2022-12-19 11:52:02'),(5,'Liquor','Liquor.png',1,'2022-12-19 11:52:02','2022-12-19 11:52:02'),(6,'Skincare Products','Skincare.png',1,'2022-12-19 11:52:02','2022-12-20 10:35:13'),(7,'Tobacco','Tobacco.png',1,'2022-12-19 11:52:02','2022-12-20 10:35:14'),(8,'Toys','Toys.png',1,'2022-12-19 11:52:02','2022-12-20 10:35:15'),(9,'Travel & Luggage','Travel_1.jpg',1,'2022-12-19 11:52:02','2022-12-20 10:35:15');
/*!40000 ALTER TABLE `categories` ENABLE KEYS */;
UNLOCK TABLES;

--
-- Table structure for table `delivery_options`
--

DROP TABLE IF EXISTS `delivery_options`;
/*!40101 SET @saved_cs_client     = @@character_set_client */;
/*!50503 SET character_set_client = utf8mb4 */;
CREATE TABLE `delivery_options` (
  `id` int unsigned NOT NULL AUTO_INCREMENT,
  `heading` varchar(127) NOT NULL COMMENT ' heading of delivery_options',
  `delivery_options_description` text COMMENT 'delivery_options_description',
  `status` tinyint NOT NULL DEFAULT '1' COMMENT '1 for active and 0 for inactive',
  `created_at` timestamp NULL DEFAULT CURRENT_TIMESTAMP,
  `updated_at` timestamp NOT NULL DEFAULT CURRENT_TIMESTAMP,
  PRIMARY KEY (`id`),
  KEY `status` (`status`)
) ENGINE=InnoDB AUTO_INCREMENT=4 DEFAULT CHARSET=latin1;
/*!40101 SET character_set_client = @saved_cs_client */;

--
-- Dumping data for table `delivery_options`
--

LOCK TABLES `delivery_options` WRITE;
/*!40000 ALTER TABLE `delivery_options` DISABLE KEYS */;
INSERT INTO `delivery_options` VALUES (1,'delivery option','<p>sdfsffd</p>',0,'2022-10-31 02:55:53','2022-11-01 00:06:47'),(2,'twerwerw','<p>rewrewrwr</p>',0,'2022-11-01 00:19:19','2022-11-11 09:33:47'),(3,'Dubai, India','<p>.</p>',1,'2022-11-11 09:33:21','2022-11-11 09:34:20');
/*!40000 ALTER TABLE `delivery_options` ENABLE KEYS */;
UNLOCK TABLES;

--
-- Table structure for table `failed_jobs`
--

DROP TABLE IF EXISTS `failed_jobs`;
/*!40101 SET @saved_cs_client     = @@character_set_client */;
/*!50503 SET character_set_client = utf8mb4 */;
CREATE TABLE `failed_jobs` (
  `id` bigint unsigned NOT NULL AUTO_INCREMENT,
  `uuid` varchar(255) CHARACTER SET utf8mb4 COLLATE utf8mb4_unicode_ci NOT NULL,
  `connection` text CHARACTER SET utf8mb4 COLLATE utf8mb4_unicode_ci NOT NULL,
  `queue` text CHARACTER SET utf8mb4 COLLATE utf8mb4_unicode_ci NOT NULL,
  `payload` longtext CHARACTER SET utf8mb4 COLLATE utf8mb4_unicode_ci NOT NULL,
  `exception` longtext CHARACTER SET utf8mb4 COLLATE utf8mb4_unicode_ci NOT NULL,
  `failed_at` timestamp NOT NULL DEFAULT CURRENT_TIMESTAMP,
  PRIMARY KEY (`id`),
  UNIQUE KEY `failed_jobs_uuid_unique` (`uuid`)
) ENGINE=InnoDB DEFAULT CHARSET=utf8mb4 COLLATE=utf8mb4_unicode_ci;
/*!40101 SET character_set_client = @saved_cs_client */;

--
-- Dumping data for table `failed_jobs`
--

LOCK TABLES `failed_jobs` WRITE;
/*!40000 ALTER TABLE `failed_jobs` DISABLE KEYS */;
/*!40000 ALTER TABLE `failed_jobs` ENABLE KEYS */;
UNLOCK TABLES;

--
-- Table structure for table `migrations`
--

DROP TABLE IF EXISTS `migrations`;
/*!40101 SET @saved_cs_client     = @@character_set_client */;
/*!50503 SET character_set_client = utf8mb4 */;
CREATE TABLE `migrations` (
  `id` int unsigned NOT NULL AUTO_INCREMENT,
  `migration` varchar(255) CHARACTER SET utf8mb4 COLLATE utf8mb4_unicode_ci NOT NULL,
  `batch` int NOT NULL,
  PRIMARY KEY (`id`)
) ENGINE=InnoDB AUTO_INCREMENT=6 DEFAULT CHARSET=utf8mb4 COLLATE=utf8mb4_unicode_ci;
/*!40101 SET character_set_client = @saved_cs_client */;

--
-- Dumping data for table `migrations`
--

LOCK TABLES `migrations` WRITE;
/*!40000 ALTER TABLE `migrations` DISABLE KEYS */;
INSERT INTO `migrations` VALUES (1,'2014_10_12_000000_create_users_table',1),(2,'2014_10_12_100000_create_password_resets_table',1),(3,'2019_08_19_000000_create_failed_jobs_table',1),(4,'2019_12_14_000001_create_personal_access_tokens_table',1),(5,'2023_01_22_144241_create_permission_tables',2);
/*!40000 ALTER TABLE `migrations` ENABLE KEYS */;
UNLOCK TABLES;

--
-- Table structure for table `model_has_permissions`
--

DROP TABLE IF EXISTS `model_has_permissions`;
/*!40101 SET @saved_cs_client     = @@character_set_client */;
/*!50503 SET character_set_client = utf8mb4 */;
CREATE TABLE `model_has_permissions` (
  `permission_id` bigint unsigned NOT NULL,
  `model_type` varchar(255) COLLATE utf8mb4_unicode_ci NOT NULL,
  `model_id` bigint unsigned NOT NULL,
  PRIMARY KEY (`permission_id`,`model_id`,`model_type`),
  KEY `model_has_permissions_model_id_model_type_index` (`model_id`,`model_type`),
  CONSTRAINT `model_has_permissions_permission_id_foreign` FOREIGN KEY (`permission_id`) REFERENCES `permissions` (`id`) ON DELETE CASCADE
) ENGINE=InnoDB DEFAULT CHARSET=utf8mb4 COLLATE=utf8mb4_unicode_ci;
/*!40101 SET character_set_client = @saved_cs_client */;

--
-- Dumping data for table `model_has_permissions`
--

LOCK TABLES `model_has_permissions` WRITE;
/*!40000 ALTER TABLE `model_has_permissions` DISABLE KEYS */;
/*!40000 ALTER TABLE `model_has_permissions` ENABLE KEYS */;
UNLOCK TABLES;

--
-- Table structure for table `model_has_roles`
--

DROP TABLE IF EXISTS `model_has_roles`;
/*!40101 SET @saved_cs_client     = @@character_set_client */;
/*!50503 SET character_set_client = utf8mb4 */;
CREATE TABLE `model_has_roles` (
  `role_id` bigint unsigned NOT NULL,
  `model_type` varchar(255) COLLATE utf8mb4_unicode_ci NOT NULL,
  `model_id` bigint unsigned NOT NULL,
  PRIMARY KEY (`role_id`,`model_id`,`model_type`),
  KEY `model_has_roles_model_id_model_type_index` (`model_id`,`model_type`),
  CONSTRAINT `model_has_roles_role_id_foreign` FOREIGN KEY (`role_id`) REFERENCES `roles` (`id`) ON DELETE CASCADE
) ENGINE=InnoDB DEFAULT CHARSET=utf8mb4 COLLATE=utf8mb4_unicode_ci;
/*!40101 SET character_set_client = @saved_cs_client */;

--
-- Dumping data for table `model_has_roles`
--

LOCK TABLES `model_has_roles` WRITE;
/*!40000 ALTER TABLE `model_has_roles` DISABLE KEYS */;
INSERT INTO `model_has_roles` VALUES (1,'App\\Models\\User',1),(2,'App\\Models\\User',1),(9,'App\\Models\\User',1),(1,'App\\User',1),(2,'App\\User',2),(11,'App\\Models\\User',3),(10,'App\\Models\\User',4),(2,'App\\Models\\User',5);
/*!40000 ALTER TABLE `model_has_roles` ENABLE KEYS */;
UNLOCK TABLES;

--
-- Table structure for table `order_details`
--

DROP TABLE IF EXISTS `order_details`;
/*!40101 SET @saved_cs_client     = @@character_set_client */;
/*!50503 SET character_set_client = utf8mb4 */;
CREATE TABLE `order_details` (
  `id` int unsigned NOT NULL AUTO_INCREMENT,
  `arrival_or_departure_date` date DEFAULT NULL COMMENT 'arrival_or_departure_date',
  `estimated_time_departure_or_arrival` varchar(15) DEFAULT NULL COMMENT 'estimated_time_departure_or_arrival',
  `flight_no` varchar(127) NOT NULL COMMENT 'flight_no',
  `is_transict_customer` varchar(127) DEFAULT NULL COMMENT 'is_transict_customer',
  `point_of_collection` varchar(127) DEFAULT NULL COMMENT 'point_of_collection',
  `pickup_person` varchar(127) DEFAULT NULL COMMENT 'pickup_personn',
  `nominee_name` varchar(127) DEFAULT NULL COMMENT 'nominee_name',
  `order_comments` text COMMENT 'order_comments',
  `order_cost` varchar(63) DEFAULT NULL COMMENT 'order_cost',
  `status` tinyint NOT NULL DEFAULT '1' COMMENT '1 for active and 0 for inactive',
  `created_at` timestamp NULL DEFAULT CURRENT_TIMESTAMP,
  `updated_at` timestamp NOT NULL DEFAULT CURRENT_TIMESTAMP,
  `orderStatus` varchar(255) DEFAULT NULL,
  `client_email` varchar(127) DEFAULT NULL,
  `client_name` varchar(127) DEFAULT NULL,
  `client_number` varchar(16) DEFAULT NULL,
  `comment` varchar(255) DEFAULT NULL,
  PRIMARY KEY (`id`),
  KEY `status` (`status`),
  KEY `arrival_or_departure_date` (`arrival_or_departure_date`),
  KEY `estimated_time_departure_or_arrival` (`estimated_time_departure_or_arrival`),
  KEY `flight_no` (`flight_no`),
  KEY `is_transict_customer` (`is_transict_customer`),
  KEY `order_cost` (`order_cost`)
) ENGINE=InnoDB AUTO_INCREMENT=62 DEFAULT CHARSET=latin1;
/*!40101 SET character_set_client = @saved_cs_client */;

--
-- Dumping data for table `order_details`
--

LOCK TABLES `order_details` WRITE;
/*!40000 ALTER TABLE `order_details` DISABLE KEYS */;
INSERT INTO `order_details` VALUES (1,'2022-12-31','15:00','2342353454','1','Departures Duty Free Shop','My nominee will pick up the items','testing','tiiiiiii','13200',4,'2022-12-20 05:48:33','2023-01-10 15:14:19',NULL,NULL,NULL,NULL,NULL),(2,'2023-01-01','02:00','123456789','0','Arrivals Duty Free Shop','I will pick up the items','','hii this is testing','6400',1,'2022-12-20 05:50:17','2022-12-20 05:50:17',NULL,NULL,NULL,NULL,NULL),(3,'2022-12-22','01:00','HGHG33','0','Arrivals Duty Free Shop','I will pick up the items','','Test','3300',1,'2022-12-20 06:55:03','2022-12-20 06:55:03',NULL,NULL,NULL,NULL,NULL),(4,'2022-12-30','16:00','2342353454','0','Arrivals Duty Free Shop','I will pick up the items','','asdasd','15200',1,'2022-12-20 09:19:29','2022-12-20 09:19:29',NULL,NULL,NULL,NULL,NULL),(5,'2022-12-24','03:00','Wy661','0','Arrivals Duty Free Shop','I will pick up the items','','555','3300',1,'2022-12-20 09:46:49','2022-12-20 09:46:49',NULL,NULL,NULL,NULL,NULL),(6,'2022-12-23','15:00','ABC-17','0','Arrivals Duty Free Shop','I will pick up the items','','TEST','3300',1,'2022-12-20 09:58:48','2022-12-20 09:58:48',NULL,NULL,NULL,NULL,NULL),(7,'2022-12-23','15:00','ABC-17','0','Arrivals Duty Free Shop','I will pick up the items','','TEST','3300',2,'2022-12-20 09:59:56','2023-01-10 14:17:54',NULL,NULL,NULL,NULL,NULL),(8,'2022-12-22','12:00','ABC18','0','Arrivals Duty Free Shop','My nominee will pick up the items','Ateev','test','3300',3,'2022-12-20 10:03:57','2023-01-10 14:19:05',NULL,NULL,NULL,NULL,NULL),(9,'2022-12-22','15:00','ABDE88','0','Arrivals Duty Free Shop','I will pick up the items','','Test','3300',1,'2022-12-20 10:09:11','2022-12-20 10:09:11',NULL,NULL,NULL,NULL,NULL),(10,'2023-01-20','06:00','ABC18','0','Arrivals Duty Free Shop','I will pick up the items','','Test','3300',1,'2022-12-20 10:12:27','2022-12-20 10:12:27',NULL,NULL,NULL,NULL,NULL),(11,'2022-12-24','13:00','ABC18','0','Arrivals Duty Free Shop','I will pick up the items','','teset','3300',1,'2022-12-20 10:19:09','2022-12-20 10:19:09',NULL,NULL,NULL,NULL,NULL),(12,'2022-12-23','15:00','ABC18','0','Arrivals Duty Free Shop','I will pick up the items','','test','2400',1,'2022-12-22 03:04:03','2022-12-22 03:22:04','FAILURE',NULL,NULL,NULL,NULL),(13,'2022-12-30','05:00','ABC18','0','Arrivals Duty Free Shop','I will pick up the items','','test','3800',1,'2022-12-22 03:23:17','2022-12-22 03:23:17',NULL,NULL,NULL,NULL,NULL),(14,'2022-12-30','13:00','ata','0','Arrivals Duty Free Shop','I will pick up the items','','Test','0',1,'2022-12-22 23:52:34','2022-12-22 23:52:34',NULL,NULL,NULL,NULL,NULL),(15,'2022-12-30','13:00','ata','0','Arrivals Duty Free Shop','I will pick up the items','','Test','0',1,'2022-12-22 23:53:45','2022-12-22 23:53:45',NULL,NULL,NULL,NULL,NULL),(16,'2022-12-31','06:00','ABC18','0','Arrivals Duty Free Shop','I will pick up the items','','estt','2400',1,'2022-12-22 23:55:58','2022-12-22 23:57:23','FAILURE',NULL,NULL,NULL,NULL),(17,'2022-12-17','04:00','abc56','0','Arrivals Duty Free Shop','I will pick up the items','','test','2400',1,'2022-12-23 00:11:46','2022-12-23 00:11:46',NULL,NULL,NULL,NULL,NULL),(18,'2022-12-17','04:00','abc56','0','Arrivals Duty Free Shop','I will pick up the items','','test','2400',1,'2022-12-23 00:13:02','2022-12-23 00:13:02',NULL,NULL,NULL,NULL,NULL),(19,'2022-12-17','04:00','abc56','0','Arrivals Duty Free Shop','I will pick up the items','','test','2400',1,'2022-12-23 00:13:03','2022-12-23 00:13:03',NULL,NULL,NULL,NULL,NULL),(20,'2022-12-17','04:00','abc56','0','Arrivals Duty Free Shop','I will pick up the items','','test','2400',1,'2022-12-23 00:13:35','2022-12-23 00:13:35',NULL,NULL,NULL,NULL,NULL),(21,'2022-12-17','04:00','abc56','0','Arrivals Duty Free Shop','I will pick up the items','','test','2400',1,'2022-12-23 00:13:37','2023-01-04 01:51:49','Failed','','',NULL,NULL),(22,'2022-12-31','14:00','ABC18','0','Arrivals Duty Free Shop','I will pick up the items','','Test','2400',1,'2022-12-23 02:02:33','2022-12-23 02:02:33',NULL,NULL,NULL,NULL,NULL),(23,'2022-12-31','14:00','ABC18','0','Arrivals Duty Free Shop','I will pick up the items','','Test','2400',3,'2022-12-23 02:03:04','2023-01-22 08:59:01','SUCCESS',NULL,NULL,NULL,'Colleted'),(24,'2022-12-29','01:00','ABC18','0','Arrivals Duty Free Shop','I will pick up the items','','tes','1200',2,'2022-12-23 02:07:05','2023-01-22 08:54:55','SUCCESS',NULL,NULL,NULL,'test'),(25,'2022-12-30','06:00','ABC18','0','Arrivals Duty Free Shop','I will pick up the items','','test','2400',1,'2022-12-28 08:16:12','2022-12-28 08:16:12',NULL,NULL,NULL,NULL,NULL),(26,'2022-12-31','10:00 AM','ABC132','0','Arrivals Duty Free Shop','I will pick up the items','','test','11500',1,'2022-12-29 12:43:09','2022-12-29 12:43:09',NULL,NULL,NULL,NULL,NULL),(27,'2022-12-31','10:00 AM','ABC132','0','Arrivals Duty Free Shop','I will pick up the items','','test','11500',1,'2022-12-29 12:45:00','2022-12-29 12:45:00',NULL,NULL,NULL,NULL,NULL),(28,'2022-12-31','10:00 AM','ABC132','0','Arrivals Duty Free Shop','I will pick up the items','','test','11500',1,'2022-12-29 12:46:24','2022-12-29 12:46:24',NULL,NULL,NULL,NULL,NULL),(29,'2023-01-27','4:00 PM','ABC18','0','Arrivals Duty Free Shop','I will pick up the items','','tst','4800',1,'2023-01-10 00:33:18','2023-01-10 00:42:08','FAILURE','buthaina.alriyami@omanair.com','Mrs. Buthaina  Alriyami',NULL,NULL),(30,'2023-01-20','2:00 PM','ABC18','0','Arrivals Duty Free Shop','I will pick up the items','','er erew','2400',1,'2023-01-10 03:44:36','2023-01-10 03:44:36',NULL,NULL,NULL,NULL,NULL),(31,'2023-01-27','4:00 AM','ABC18','1','Arrivals Duty Free Shop','I will pick up the items','','xcdv dsf','2400',1,'2023-01-10 03:49:48','2023-01-10 03:49:48',NULL,NULL,NULL,NULL,NULL),(32,'2023-01-27','4:00 AM','ABC18','1','Arrivals Duty Free Shop','I will pick up the items','','xcdv dsf','2400',1,'2023-01-10 03:50:48','2023-01-10 03:50:48',NULL,NULL,NULL,NULL,NULL),(33,'2023-01-27','4:00 AM','ABC18','1','Arrivals Duty Free Shop','I will pick up the items','','xcdv dsf','2400',1,'2023-01-10 03:51:42','2023-01-10 03:51:42',NULL,NULL,NULL,NULL,NULL),(34,'2023-01-27','5:00 AM','ABC18','1','Arrivals Duty Free Shop','I will pick up the items','','s dsf sdf','2400',1,'2023-01-10 05:50:08','2023-01-10 05:50:51','FAILURE','buthaina.alriyami@omanair.com','Mrs. Buthaina  Alriyami',NULL,NULL),(35,'2023-01-27','1:00 PM','ABC18','1','Arrivals Duty Free Shop','I will pick up the items','','test','2400',1,'2023-01-10 06:07:52','2023-01-10 06:20:39','FAILURE','buthaina.alriyami@omanair.com','Mrs. Buthaina  Alriyami',NULL,NULL),(36,'2023-01-11','02:00PM','ABC18','1','Arrivals Duty Free Shop','I will pick up the items','','sd sfd','2400',1,'2023-01-10 12:45:43','2023-01-10 12:46:58','FAILURE','buthaina.alriyami@omanair.com','Mrs. Buthaina  Alriyami',NULL,NULL),(37,'2023-01-11','04:00PM','ABC18','1','Arrivals Duty Free Shop','I will pick up the items','','sd fd','2400',1,'2023-01-10 12:49:07','2023-01-10 12:49:07',NULL,NULL,NULL,NULL,NULL),(38,'2023-01-11','06:00PM','ABC18','1','Arrivals Duty Free Shop','I will pick up the items','','d afd sfs','2400',1,'2023-01-10 12:55:17','2023-01-10 12:56:53','FAILURE','buthaina.alriyami@omanair.com','Mrs. Buthaina  Alriyami',NULL,NULL),(39,'2023-01-12','08:00AM','sad fds','1','Arrivals Duty Free Shop','I will pick up the items','','sd fdgf ds','2400',1,'2023-01-11 04:01:06','2023-01-11 04:01:06',NULL,NULL,NULL,NULL,NULL),(40,'2023-01-12','08:00AM','sad fds','1','Arrivals Duty Free Shop','I will pick up the items','','sd fdgf ds','2400',1,'2023-01-11 04:01:56','2023-01-11 04:01:56',NULL,NULL,NULL,NULL,NULL),(41,'2023-01-12','08:00AM','sad fds','1','Arrivals Duty Free Shop','I will pick up the items','','sd fdgf ds','2400',1,'2023-01-11 04:02:18','2023-01-11 04:02:18',NULL,NULL,NULL,NULL,NULL),(42,'2023-01-12','08:00AM','sad fds','1','Arrivals Duty Free Shop','I will pick up the items','','sd fdgf ds','2400',1,'2023-01-11 04:03:29','2023-01-11 04:03:29',NULL,NULL,NULL,NULL,NULL),(43,'2023-01-12','08:00AM','sad fds','1','Arrivals Duty Free Shop','I will pick up the items','','sd fdgf ds','2400',1,'2023-01-11 04:04:21','2023-01-11 04:04:21',NULL,NULL,NULL,NULL,NULL),(44,'2023-01-26','05:00AM','ABC18','1','Arrivals Duty Free Shop','I will pick up the items','','test','2400',1,'2023-01-11 04:06:26','2023-01-11 04:06:26',NULL,NULL,NULL,NULL,NULL),(45,'2023-01-27','05:00AM','ABC18','1','Arrivals Duty Free Shop','I will pick up the items','','test','2400',0,'2023-01-11 04:38:58','2023-01-11 04:38:58',NULL,NULL,NULL,NULL,NULL),(46,'2023-01-27','05:00AM','ABC18','1','Arrivals Duty Free Shop','I will pick up the items','','test','2400',0,'2023-01-11 04:39:21','2023-01-11 04:39:21',NULL,NULL,NULL,NULL,NULL),(47,'2023-01-27','05:00AM','ABC18','1','Arrivals Duty Free Shop','I will pick up the items','','test','2400',0,'2023-01-11 04:39:55','2023-01-11 04:39:55',NULL,NULL,NULL,NULL,NULL),(48,'2023-01-28','07:00AM','sd sfds','1','Arrivals Duty Free Shop','I will pick up the items','','d ffdd s','2400',0,'2023-01-11 04:41:10','2023-01-11 04:41:10',NULL,NULL,NULL,NULL,NULL),(49,'2023-01-28','07:00AM','sd sfds','1','Arrivals Duty Free Shop','I will pick up the items','','d ffdd s','2400',0,'2023-01-11 04:41:38','2023-01-11 04:41:38',NULL,NULL,NULL,NULL,NULL),(50,'2023-01-28','07:00AM','sd sfds','1','Arrivals Duty Free Shop','I will pick up the items','','d ffdd s','2400',0,'2023-01-11 04:42:15','2023-01-11 04:42:16',NULL,NULL,NULL,NULL,NULL),(51,'2023-01-28','07:00AM','sd sfds','1','Arrivals Duty Free Shop','I will pick up the items','','d ffdd s','2400',0,'2023-01-11 04:42:50','2023-01-11 04:42:50',NULL,NULL,NULL,NULL,NULL),(52,'2023-01-28','07:00AM','sd sfds','1','Arrivals Duty Free Shop','I will pick up the items','','d ffdd s','2400',0,'2023-01-11 04:43:33','2023-01-11 04:43:33',NULL,NULL,NULL,NULL,NULL),(53,'2023-01-28','07:00AM','sd sfds','1','Arrivals Duty Free Shop','I will pick up the items','','d ffdd s','2400',0,'2023-01-11 04:44:31','2023-01-11 04:44:31',NULL,NULL,NULL,NULL,NULL),(54,'2023-01-25','07:00AM','sd sfds','1','Arrivals Duty Free Shop','I will pick up the items','','j gh hjg','2400',0,'2023-01-11 04:45:32','2023-01-11 05:29:55',NULL,NULL,NULL,NULL,NULL),(55,'2023-01-26','04:00AM','fsdf','1','Arrivals Duty Free Shop','My nominee will pick up the items','test','df dg sf','0',0,'2023-01-11 05:40:30','2023-01-11 05:42:55',NULL,NULL,NULL,NULL,NULL),(56,'2023-01-28','08:00AM','ABC18','1','Arrivals Duty Free Shop','I will pick up the items','','ttwew','2400',4,'2023-01-11 05:46:06','2023-01-11 05:58:09','SUCCESS','buthaina.alriyami@omanair.com','Mrs. Buthaina  Alriyami','900267480',NULL),(57,'2023-01-13','04:00AM','ABC12','1','Arrivals Duty Free Shop','I will pick up the items','','testdh gh','2400',0,'2023-01-12 01:34:49','2023-01-12 01:34:49',NULL,NULL,NULL,NULL,NULL),(58,'2023-01-27','08:00AM','saqww','0','Arrivals Duty Free Shop','I will pick up the items','','dc sdf','14400',0,'2023-01-22 04:00:49','2023-01-22 04:00:49',NULL,NULL,NULL,NULL,NULL),(59,'2023-01-27','08:00AM','saqww','0','Arrivals Duty Free Shop','I will pick up the items','','dc sdf','14400',0,'2023-01-22 04:01:02','2023-01-22 04:01:02',NULL,NULL,NULL,NULL,NULL),(60,'2023-01-27','08:00AM','saqww','0','Arrivals Duty Free Shop','I will pick up the items','','dc sdf','14400',0,'2023-01-22 04:02:27','2023-01-22 04:02:27',NULL,NULL,NULL,NULL,NULL),(61,'2023-01-27','08:00AM','saqww','0','Arrivals Duty Free Shop','I will pick up the items','','dc sdf','14400',0,'2023-01-22 04:06:35','2023-01-22 04:06:35',NULL,NULL,NULL,NULL,NULL);
/*!40000 ALTER TABLE `order_details` ENABLE KEYS */;
UNLOCK TABLES;

--
-- Table structure for table `order_product_mappings`
--

DROP TABLE IF EXISTS `order_product_mappings`;
/*!40101 SET @saved_cs_client     = @@character_set_client */;
/*!50503 SET character_set_client = utf8mb4 */;
CREATE TABLE `order_product_mappings` (
  `id` int unsigned NOT NULL AUTO_INCREMENT,
  `order_id` int NOT NULL COMMENT 'order_id mapped with id table in orders table',
  `product_id` int NOT NULL COMMENT 'product_id mapped with id table in products table',
  `product_cost` varchar(15) NOT NULL COMMENT 'product_cost at the time of order',
  `product_count` varchar(15) NOT NULL COMMENT 'product_cost at the time of order',
  `status` tinyint NOT NULL DEFAULT '1' COMMENT '1 for active and 0 for inactive',
  `created_at` timestamp NULL DEFAULT CURRENT_TIMESTAMP,
  `updated_at` timestamp NOT NULL DEFAULT CURRENT_TIMESTAMP,
  PRIMARY KEY (`id`),
  KEY `status` (`status`),
  KEY `order_id` (`order_id`),
  KEY `product_id` (`product_id`)
) ENGINE=InnoDB AUTO_INCREMENT=86 DEFAULT CHARSET=latin1;
/*!40101 SET character_set_client = @saved_cs_client */;

--
-- Dumping data for table `order_product_mappings`
--

LOCK TABLES `order_product_mappings` WRITE;
/*!40000 ALTER TABLE `order_product_mappings` DISABLE KEYS */;
INSERT INTO `order_product_mappings` VALUES (1,1,1,'2000','1',1,'2022-10-31 03:14:00','2022-10-31 03:14:00'),(2,2,3,'7567','4',1,'2022-11-08 06:37:09','2022-11-08 06:37:09'),(3,3,5,'3450','1',1,'2022-11-09 11:11:24','2022-11-09 11:11:24'),(4,4,14,'6000','8',1,'2022-11-11 11:11:50','2022-11-11 11:11:50'),(5,5,14,'6000','4',1,'2022-11-13 16:24:42','2022-11-13 16:24:42'),(6,6,24,'4500','28',1,'2022-11-13 16:32:34','2022-11-13 16:32:34'),(7,7,24,'4500','28',1,'2022-11-13 16:34:06','2022-11-13 16:34:06'),(8,8,14,'6000','1',1,'2022-11-15 05:16:31','2022-11-15 05:16:31'),(9,9,22,'7500','1',1,'2022-11-15 08:44:59','2022-11-15 08:44:59'),(10,10,14,'6000','1',1,'2022-11-15 08:55:34','2022-11-15 08:55:34'),(11,11,14,'6000','1',1,'2022-11-15 08:57:16','2022-11-15 08:57:16'),(12,12,19,'950000','2',1,'2022-11-24 11:40:03','2022-11-24 11:40:03'),(13,13,19,'950000','1',1,'2022-12-14 06:42:26','2022-12-14 06:42:26'),(14,14,22,'7500','1',1,'2022-12-14 09:23:59','2022-12-14 09:23:59'),(15,15,14,'6000','3',1,'2022-12-19 11:31:08','2022-12-19 11:31:08'),(16,16,116727,'3300','3',1,'2022-12-20 05:41:53','2022-12-20 05:41:53'),(17,17,175059,'1800','2',1,'2022-12-20 05:44:50','2022-12-20 05:44:50'),(18,1,116727,'3300','4',1,'2022-12-20 05:48:33','2022-12-20 05:48:33'),(19,2,1063,'2500','1',1,'2022-12-20 05:50:17','2022-12-20 05:50:17'),(20,2,2362,'1300','3',1,'2022-12-20 05:50:17','2022-12-20 05:50:17'),(21,3,116727,'3300','1',1,'2022-12-20 06:55:03','2022-12-20 06:55:03'),(22,4,171116,'3800','4',1,'2022-12-20 09:19:29','2022-12-20 09:19:29'),(23,5,116727,'3300','1',1,'2022-12-20 09:46:49','2022-12-20 09:46:49'),(24,6,116727,'3300','1',1,'2022-12-20 09:58:48','2022-12-20 09:58:48'),(25,7,116727,'3300','1',1,'2022-12-20 09:59:56','2022-12-20 09:59:56'),(26,8,116727,'3300','1',1,'2022-12-20 10:03:57','2022-12-20 10:03:57'),(27,9,116727,'3300','1',1,'2022-12-20 10:09:11','2022-12-20 10:09:11'),(28,10,116727,'3300','1',1,'2022-12-20 10:12:27','2022-12-20 10:12:27'),(29,11,116727,'3300','1',1,'2022-12-20 10:19:09','2022-12-20 10:19:09'),(30,12,117081,'2400','1',1,'2022-12-22 03:04:03','2022-12-22 03:04:03'),(31,13,171116,'3800','1',1,'2022-12-22 03:23:17','2022-12-22 03:23:17'),(32,16,117081,'2400','1',1,'2022-12-22 23:55:58','2022-12-22 23:55:58'),(33,17,117085,'2400','1',1,'2022-12-23 00:11:46','2022-12-23 00:11:46'),(34,18,117085,'2400','1',1,'2022-12-23 00:13:02','2022-12-23 00:13:02'),(35,19,117085,'2400','1',1,'2022-12-23 00:13:03','2022-12-23 00:13:03'),(36,20,117085,'2400','1',1,'2022-12-23 00:13:35','2022-12-23 00:13:35'),(37,21,117085,'2400','1',1,'2022-12-23 00:13:37','2022-12-23 00:13:37'),(38,22,117081,'2400','1',1,'2022-12-23 02:02:33','2022-12-23 02:02:33'),(39,23,117081,'2400','1',1,'2022-12-23 02:03:04','2022-12-23 02:03:04'),(40,24,2067,'1200','1',1,'2022-12-23 02:07:05','2022-12-23 02:07:05'),(41,25,117081,'2400','1',1,'2022-12-28 08:16:12','2022-12-28 08:16:12'),(42,26,116727,'3300','1',1,'2022-12-29 12:43:09','2022-12-29 12:43:09'),(43,26,56987,'8200','1',1,'2022-12-29 12:43:09','2022-12-29 12:43:09'),(44,27,116727,'3300','1',1,'2022-12-29 12:45:00','2022-12-29 12:45:00'),(45,27,56987,'8200','1',1,'2022-12-29 12:45:00','2022-12-29 12:45:00'),(46,28,116727,'3300','1',1,'2022-12-29 12:46:24','2022-12-29 12:46:24'),(47,28,56987,'8200','1',1,'2022-12-29 12:46:24','2022-12-29 12:46:24'),(48,29,117082,'2400','2',1,'2023-01-10 00:33:18','2023-01-10 00:33:18'),(49,30,117082,'2400','1',1,'2023-01-10 03:44:36','2023-01-10 03:44:36'),(50,31,117082,'2400','1',1,'2023-01-10 03:49:48','2023-01-10 03:49:48'),(51,32,117082,'2400','1',1,'2023-01-10 03:50:48','2023-01-10 03:50:48'),(52,33,117082,'2400','1',1,'2023-01-10 03:51:42','2023-01-10 03:51:42'),(53,34,117082,'2400','1',1,'2023-01-10 05:50:08','2023-01-10 05:50:08'),(54,35,117082,'2400','1',1,'2023-01-10 06:07:52','2023-01-10 06:07:52'),(55,36,117082,'2400','1',1,'2023-01-10 12:45:43','2023-01-10 12:45:43'),(56,37,117082,'2400','1',1,'2023-01-10 12:49:07','2023-01-10 12:49:07'),(57,38,117082,'2400','1',1,'2023-01-10 12:55:17','2023-01-10 12:55:17'),(58,39,117082,'2400','1',1,'2023-01-11 04:01:06','2023-01-11 04:01:06'),(59,40,117082,'2400','1',1,'2023-01-11 04:01:56','2023-01-11 04:01:56'),(60,41,117082,'2400','1',1,'2023-01-11 04:02:18','2023-01-11 04:02:18'),(61,42,117082,'2400','1',1,'2023-01-11 04:03:29','2023-01-11 04:03:29'),(62,43,117082,'2400','1',1,'2023-01-11 04:04:21','2023-01-11 04:04:21'),(63,44,117082,'2400','1',1,'2023-01-11 04:06:26','2023-01-11 04:06:26'),(64,45,117082,'2400','1',1,'2023-01-11 04:38:58','2023-01-11 04:38:58'),(65,46,117082,'2400','1',1,'2023-01-11 04:39:21','2023-01-11 04:39:21'),(66,47,117082,'2400','1',1,'2023-01-11 04:39:55','2023-01-11 04:39:55'),(67,48,117082,'2400','1',1,'2023-01-11 04:41:10','2023-01-11 04:41:10'),(68,49,117082,'2400','1',1,'2023-01-11 04:41:38','2023-01-11 04:41:38'),(69,50,117082,'2400','1',1,'2023-01-11 04:42:15','2023-01-11 04:42:15'),(70,51,117082,'2400','1',1,'2023-01-11 04:42:50','2023-01-11 04:42:50'),(71,52,117082,'2400','1',1,'2023-01-11 04:43:33','2023-01-11 04:43:33'),(72,53,117082,'2400','1',1,'2023-01-11 04:44:31','2023-01-11 04:44:31'),(73,54,117082,'2400','1',1,'2023-01-11 04:45:32','2023-01-11 04:45:32'),(74,54,117082,'2400','1',1,'2023-01-11 05:29:55','2023-01-11 05:29:55'),(75,55,117082,'2400','1',1,'2023-01-11 05:40:30','2023-01-11 05:40:30'),(76,56,117082,'2400','1',1,'2023-01-11 05:46:06','2023-01-11 05:46:06'),(77,57,117082,'2400','1',1,'2023-01-12 01:34:49','2023-01-12 01:34:49'),(78,58,117082,'2400','4',1,'2023-01-22 04:00:49','2023-01-22 04:00:49'),(79,58,2067,'1200','4',1,'2023-01-22 04:00:49','2023-01-22 04:00:49'),(80,59,117082,'2400','4',1,'2023-01-22 04:01:02','2023-01-22 04:01:02'),(81,59,2067,'1200','4',1,'2023-01-22 04:01:02','2023-01-22 04:01:02'),(82,60,117082,'2400','4',1,'2023-01-22 04:02:27','2023-01-22 04:02:27'),(83,60,2067,'1200','4',1,'2023-01-22 04:02:27','2023-01-22 04:02:27'),(84,61,117082,'2400','4',1,'2023-01-22 04:06:35','2023-01-22 04:06:35'),(85,61,2067,'1200','4',1,'2023-01-22 04:06:35','2023-01-22 04:06:35');
/*!40000 ALTER TABLE `order_product_mappings` ENABLE KEYS */;
UNLOCK TABLES;

--
-- Table structure for table `password_resets`
--

DROP TABLE IF EXISTS `password_resets`;
/*!40101 SET @saved_cs_client     = @@character_set_client */;
/*!50503 SET character_set_client = utf8mb4 */;
CREATE TABLE `password_resets` (
  `email` varchar(255) CHARACTER SET utf8mb4 COLLATE utf8mb4_unicode_ci NOT NULL,
  `token` varchar(255) CHARACTER SET utf8mb4 COLLATE utf8mb4_unicode_ci NOT NULL,
  `created_at` timestamp NULL DEFAULT NULL,
  KEY `password_resets_email_index` (`email`)
) ENGINE=InnoDB DEFAULT CHARSET=utf8mb4 COLLATE=utf8mb4_unicode_ci;
/*!40101 SET character_set_client = @saved_cs_client */;

--
-- Dumping data for table `password_resets`
--

LOCK TABLES `password_resets` WRITE;
/*!40000 ALTER TABLE `password_resets` DISABLE KEYS */;
/*!40000 ALTER TABLE `password_resets` ENABLE KEYS */;
UNLOCK TABLES;

--
-- Table structure for table `payments`
--

DROP TABLE IF EXISTS `payments`;
/*!40101 SET @saved_cs_client     = @@character_set_client */;
/*!50503 SET character_set_client = utf8mb4 */;
CREATE TABLE `payments` (
  `id` int unsigned NOT NULL AUTO_INCREMENT,
  `response` json NOT NULL COMMENT 'payment response',
  `orderId` int NOT NULL COMMENT 'orderId mapped with id in orders table',
  `orderStatus` varchar(255) NOT NULL COMMENT 'orderStatus is status of oreder',
  `status` tinyint NOT NULL DEFAULT '1' COMMENT '1 for active and 0 for inactive',
  `created_at` timestamp NULL DEFAULT CURRENT_TIMESTAMP,
  `updated_at` timestamp NOT NULL DEFAULT CURRENT_TIMESTAMP,
  PRIMARY KEY (`id`),
  KEY `orderId` (`orderId`),
  KEY `orderStatus` (`orderStatus`),
  KEY `status` (`status`)
) ENGINE=InnoDB AUTO_INCREMENT=37 DEFAULT CHARSET=latin1;
/*!40101 SET character_set_client = @saved_cs_client */;

--
-- Dumping data for table `payments`
--

LOCK TABLES `payments` WRITE;
/*!40000 ALTER TABLE `payments` DISABLE KEYS */;
INSERT INTO `payments` VALUES (1,'{\"status\": \"400\", \"orderID\": \"8\"}',8,'Failed',1,'2022-12-20 10:07:17','2022-12-20 10:07:17'),(2,'{\"email\": \"buthaina.alriyami@omanair.com\", \"token\": \"3YQ9jwX7PH8dNxr2Otl0EppHriASYs\", \"reason\": \"** -   Activity identifier ID not found for bookable activity.\", \"orderID\": \"12\", \"timeStamp\": \"2022-12-22 12.38.09\", \"memberName\": \"Mrs. Buthaina  Alriyami\", \"orderStatus\": \"FAILURE\", \"itemResponse\": null, \"sindbadNumber\": \"900267480\"}',12,'FAILURE',1,'2022-12-22 03:10:59','2022-12-22 03:10:59'),(3,'{\"email\": \"buthaina.alriyami@omanair.com\", \"token\": \"3YQ9jwX7PH8dNxr2Otl0EppHriASYs\", \"reason\": \"** -   Activity identifier ID not found for bookable activity.\", \"orderID\": \"12\", \"timeStamp\": \"2022-12-22 12.38.09\", \"memberName\": \"Mrs. Buthaina  Alriyami\", \"orderStatus\": \"FAILURE\", \"itemResponse\": null, \"sindbadNumber\": \"900267480\"}',12,'FAILURE',1,'2022-12-22 03:19:59','2022-12-22 03:19:59'),(4,'{\"email\": \"buthaina.alriyami@omanair.com\", \"token\": \"3YQ9jwX7PH8dNxr2Otl0EppHriASYs\", \"reason\": \"** -   Activity identifier ID not found for bookable activity.\", \"orderID\": \"12\", \"timeStamp\": \"2022-12-22 12.38.09\", \"memberName\": \"Mrs. Buthaina  Alriyami\", \"orderStatus\": \"FAILURE\", \"itemResponse\": null, \"sindbadNumber\": \"900267480\"}',12,'FAILURE',1,'2022-12-22 03:20:38','2022-12-22 03:20:38'),(5,'{\"email\": \"buthaina.alriyami@omanair.com\", \"token\": \"3YQ9jwX7PH8dNxr2Otl0EppHriASYs\", \"reason\": \"** -   Activity identifier ID not found for bookable activity.\", \"orderID\": \"12\", \"timeStamp\": \"2022-12-22 12.38.09\", \"memberName\": \"Mrs. Buthaina  Alriyami\", \"orderStatus\": \"FAILURE\", \"itemResponse\": null, \"sindbadNumber\": \"900267480\"}',12,'FAILURE',1,'2022-12-22 03:21:22','2022-12-22 03:21:22'),(6,'{\"email\": \"buthaina.alriyami@omanair.com\", \"token\": \"3YQ9jwX7PH8dNxr2Otl0EppHriASYs\", \"reason\": \"** -   Activity identifier ID not found for bookable activity.\", \"orderID\": \"12\", \"timeStamp\": \"2022-12-22 12.38.09\", \"memberName\": \"Mrs. Buthaina  Alriyami\", \"orderStatus\": \"FAILURE\", \"itemResponse\": null, \"sindbadNumber\": \"900267480\"}',12,'FAILURE',1,'2022-12-22 03:22:04','2022-12-22 03:22:04'),(7,'{\"email\": \"buthaina.alriyami@omanair.com\", \"token\": \"5q9g7s040gdSOEkgOrlIpuJudio8Y7\", \"reason\": \"** -   Activity identifier ID not found for bookable activity.\", \"orderID\": \"16\", \"timeStamp\": \"2022-12-23 09.27.21\", \"memberName\": \"Mrs. Buthaina  Alriyami\", \"orderStatus\": \"FAILURE\", \"itemResponse\": null, \"sindbadNumber\": \"900267480\"}',16,'FAILURE',1,'2022-12-22 23:57:23','2022-12-22 23:57:23'),(8,'{\"email\": \"buthaina.alriyami@omanair.com\", \"token\": \"6NN8RRTn7N7oJwee01VAgQfCezCbSL\", \"reason\": \"Order is cancelled by user\", \"orderID\": \"Or-21\", \"timeStamp\": \"2022-12-23 09.45.39\", \"memberName\": \"Mrs. Buthaina  Alriyami\", \"orderStatus\": \"CANCEL\", \"itemResponse\": null, \"sindbadNumber\": \"900267480\"}',21,'CANCEL',1,'2022-12-23 00:18:31','2022-12-23 00:18:31'),(9,'{\"email\": \"buthaina.alriyami@omanair.com\", \"token\": \"s9XDcAsp9O6KhIGxwSWB1wcF8CQ1DI\", \"reason\": \"Redemption activity is successfully posted for 900267480\", \"orderID\": \"Or-22\", \"timeStamp\": \"2022-12-23 09.49.53\", \"memberName\": \"Mrs. Buthaina  Alriyami\", \"orderStatus\": \"SUCCESS\", \"itemResponse\": \"[{productID=117085, authID=1107375}]\", \"sindbadNumber\": \"900267480\"}',22,'SUCCESS',1,'2022-12-23 00:19:57','2022-12-23 00:19:57'),(10,'{\"email\": \"buthaina.alriyami@omanair.com\", \"token\": \"aNc7xIixGZDV2vwrdbdMPohAAjidpm\", \"reason\": \"Redemption activity is successfully posted for 900267480\", \"orderID\": \"Or-23\", \"timeStamp\": \"2022-12-23 11.33.30\", \"memberName\": \"Mrs. Buthaina  Alriyami\", \"orderStatus\": \"SUCCESS\", \"itemResponse\": \"[{productID=117081, authID=1107376}]\", \"sindbadNumber\": \"900267480\"}',23,'SUCCESS',1,'2022-12-23 02:03:37','2022-12-23 02:03:37'),(11,'{\"email\": \"buthaina.alriyami@omanair.com\", \"token\": \"Yi76hUBCZDDh40a5OR88arptXo4pgd\", \"reason\": \"Redemption activity is successfully posted for 900267480\", \"orderID\": \"Or-24\", \"timeStamp\": \"2022-12-23 11.37.36\", \"memberName\": \"Mrs. Buthaina  Alriyami\", \"orderStatus\": \"SUCCESS\", \"itemResponse\": \"[{productID=2067, authID=1107377}]\", \"sindbadNumber\": \"900267480\"}',24,'SUCCESS',1,'2022-12-23 02:10:40','2022-12-23 02:10:40'),(12,'{\"status\": \"400\", \"orderID\": \"Or-21\"}',21,'Failed',1,'2023-01-04 01:50:10','2023-01-04 01:50:10'),(13,'{\"status\": \"400\", \"orderID\": \"Or-21\"}',21,'Failed',1,'2023-01-04 01:51:49','2023-01-04 01:51:49'),(14,'{\"email\": \"buthaina.alriyami@omanair.com\", \"token\": null, \"reason\": \"Order has already been processed by user\", \"orderID\": \"Or-29\", \"timeStamp\": \"2023-01-10 10.07.49\", \"memberName\": \"Mrs. Buthaina  Alriyami\", \"orderStatus\": \"FAILURE\", \"itemResponse\": null, \"sindbadNumber\": \"900267480\"}',29,'FAILURE',1,'2023-01-10 00:39:07','2023-01-10 00:39:07'),(15,'{\"email\": \"buthaina.alriyami@omanair.com\", \"token\": null, \"reason\": \"Order has already been processed by user\", \"orderID\": \"Or-29\", \"timeStamp\": \"2023-01-10 10.07.49\", \"memberName\": \"Mrs. Buthaina  Alriyami\", \"orderStatus\": \"FAILURE\", \"itemResponse\": null, \"sindbadNumber\": \"900267480\"}',29,'FAILURE',1,'2023-01-10 00:39:37','2023-01-10 00:39:37'),(16,'{\"email\": \"buthaina.alriyami@omanair.com\", \"token\": null, \"reason\": \"Order has already been processed by user\", \"orderID\": \"Or-29\", \"timeStamp\": \"2023-01-10 10.07.49\", \"memberName\": \"Mrs. Buthaina  Alriyami\", \"orderStatus\": \"FAILURE\", \"itemResponse\": null, \"sindbadNumber\": \"900267480\"}',29,'FAILURE',1,'2023-01-10 00:42:08','2023-01-10 00:42:08'),(17,'{\"email\": \"buthaina.alriyami@omanair.com\", \"token\": null, \"reason\": \"Order has already been processed by user\", \"orderID\": \"Or-34\", \"timeStamp\": \"2023-01-10 15.20.34\", \"memberName\": \"Mrs. Buthaina  Alriyami\", \"orderStatus\": \"FAILURE\", \"itemResponse\": null, \"sindbadNumber\": \"900267480\"}',34,'FAILURE',1,'2023-01-10 05:50:37','2023-01-10 05:50:37'),(18,'{\"email\": \"buthaina.alriyami@omanair.com\", \"token\": null, \"reason\": \"Order has already been processed by user\", \"orderID\": \"Or-34\", \"timeStamp\": \"2023-01-10 15.20.34\", \"memberName\": \"Mrs. Buthaina  Alriyami\", \"orderStatus\": \"FAILURE\", \"itemResponse\": null, \"sindbadNumber\": \"900267480\"}',34,'FAILURE',1,'2023-01-10 05:50:41','2023-01-10 05:50:41'),(19,'{\"email\": \"buthaina.alriyami@omanair.com\", \"token\": null, \"reason\": \"Order has already been processed by user\", \"orderID\": \"Or-34\", \"timeStamp\": \"2023-01-10 15.20.34\", \"memberName\": \"Mrs. Buthaina  Alriyami\", \"orderStatus\": \"FAILURE\", \"itemResponse\": null, \"sindbadNumber\": \"900267480\"}',34,'FAILURE',1,'2023-01-10 05:50:42','2023-01-10 05:50:42'),(20,'{\"email\": \"buthaina.alriyami@omanair.com\", \"token\": null, \"reason\": \"Order has already been processed by user\", \"orderID\": \"Or-34\", \"timeStamp\": \"2023-01-10 15.20.34\", \"memberName\": \"Mrs. Buthaina  Alriyami\", \"orderStatus\": \"FAILURE\", \"itemResponse\": null, \"sindbadNumber\": \"900267480\"}',34,'FAILURE',1,'2023-01-10 05:50:42','2023-01-10 05:50:42'),(21,'{\"email\": \"buthaina.alriyami@omanair.com\", \"token\": null, \"reason\": \"Order has already been processed by user\", \"orderID\": \"Or-34\", \"timeStamp\": \"2023-01-10 15.20.34\", \"memberName\": \"Mrs. Buthaina  Alriyami\", \"orderStatus\": \"FAILURE\", \"itemResponse\": null, \"sindbadNumber\": \"900267480\"}',34,'FAILURE',1,'2023-01-10 05:50:43','2023-01-10 05:50:43'),(22,'{\"email\": \"buthaina.alriyami@omanair.com\", \"token\": null, \"reason\": \"Order has already been processed by user\", \"orderID\": \"Or-34\", \"timeStamp\": \"2023-01-10 15.20.34\", \"memberName\": \"Mrs. Buthaina  Alriyami\", \"orderStatus\": \"FAILURE\", \"itemResponse\": null, \"sindbadNumber\": \"900267480\"}',34,'FAILURE',1,'2023-01-10 05:50:48','2023-01-10 05:50:48'),(23,'{\"email\": \"buthaina.alriyami@omanair.com\", \"token\": null, \"reason\": \"Order has already been processed by user\", \"orderID\": \"Or-34\", \"timeStamp\": \"2023-01-10 15.20.34\", \"memberName\": \"Mrs. Buthaina  Alriyami\", \"orderStatus\": \"FAILURE\", \"itemResponse\": null, \"sindbadNumber\": \"900267480\"}',34,'FAILURE',1,'2023-01-10 05:50:50','2023-01-10 05:50:50'),(24,'{\"email\": \"buthaina.alriyami@omanair.com\", \"token\": null, \"reason\": \"Order has already been processed by user\", \"orderID\": \"Or-34\", \"timeStamp\": \"2023-01-10 15.20.34\", \"memberName\": \"Mrs. Buthaina  Alriyami\", \"orderStatus\": \"FAILURE\", \"itemResponse\": null, \"sindbadNumber\": \"900267480\"}',34,'FAILURE',1,'2023-01-10 05:50:50','2023-01-10 05:50:50'),(25,'{\"email\": \"buthaina.alriyami@omanair.com\", \"token\": null, \"reason\": \"Order has already been processed by user\", \"orderID\": \"Or-34\", \"timeStamp\": \"2023-01-10 15.20.34\", \"memberName\": \"Mrs. Buthaina  Alriyami\", \"orderStatus\": \"FAILURE\", \"itemResponse\": null, \"sindbadNumber\": \"900267480\"}',34,'FAILURE',1,'2023-01-10 05:50:51','2023-01-10 05:50:51'),(26,'{\"email\": \"buthaina.alriyami@omanair.com\", \"token\": null, \"reason\": \"Order has already been processed by user\", \"orderID\": \"Or-35\", \"timeStamp\": \"2023-01-10 15.38.14\", \"memberName\": \"Mrs. Buthaina  Alriyami\", \"orderStatus\": \"FAILURE\", \"itemResponse\": null, \"sindbadNumber\": \"900267480\"}',35,'FAILURE',1,'2023-01-10 06:10:00','2023-01-10 06:10:00'),(27,'{\"email\": \"buthaina.alriyami@omanair.com\", \"token\": null, \"reason\": \"Order has already been processed by user\", \"orderID\": \"Or-35\", \"timeStamp\": \"2023-01-10 15.38.14\", \"memberName\": \"Mrs. Buthaina  Alriyami\", \"orderStatus\": \"FAILURE\", \"itemResponse\": null, \"sindbadNumber\": \"900267480\"}',35,'FAILURE',1,'2023-01-10 06:17:55','2023-01-10 06:17:55'),(28,'{\"email\": \"buthaina.alriyami@omanair.com\", \"token\": null, \"reason\": \"Order has already been processed by user\", \"orderID\": \"Or-35\", \"timeStamp\": \"2023-01-10 15.38.14\", \"memberName\": \"Mrs. Buthaina  Alriyami\", \"orderStatus\": \"FAILURE\", \"itemResponse\": null, \"sindbadNumber\": \"900267480\"}',35,'FAILURE',1,'2023-01-10 06:19:06','2023-01-10 06:19:06'),(29,'{\"email\": \"buthaina.alriyami@omanair.com\", \"token\": null, \"reason\": \"Order has already been processed by user\", \"orderID\": \"Or-35\", \"timeStamp\": \"2023-01-10 15.38.14\", \"memberName\": \"Mrs. Buthaina  Alriyami\", \"orderStatus\": \"FAILURE\", \"itemResponse\": null, \"sindbadNumber\": \"900267480\"}',35,'FAILURE',1,'2023-01-10 06:20:39','2023-01-10 06:20:39'),(30,'{\"email\": \"buthaina.alriyami@omanair.com\", \"token\": null, \"reason\": \"Order has already been processed by user\", \"orderID\": \"Or-36\", \"timeStamp\": \"2023-01-10 22.16.16\", \"memberName\": \"Mrs. Buthaina  Alriyami\", \"orderStatus\": \"FAILURE\", \"itemResponse\": null, \"sindbadNumber\": \"900267480\"}',36,'FAILURE',1,'2023-01-10 12:46:19','2023-01-10 12:46:19'),(31,'{\"email\": \"buthaina.alriyami@omanair.com\", \"token\": null, \"reason\": \"Order has already been processed by user\", \"orderID\": \"Or-36\", \"timeStamp\": \"2023-01-10 22.16.16\", \"memberName\": \"Mrs. Buthaina  Alriyami\", \"orderStatus\": \"FAILURE\", \"itemResponse\": null, \"sindbadNumber\": \"900267480\"}',36,'FAILURE',1,'2023-01-10 12:46:58','2023-01-10 12:46:58'),(32,'{\"email\": \"buthaina.alriyami@omanair.com\", \"token\": \"xiNOm6y61B7SSedJHi30YhXAVAmUT3\", \"reason\": \"Order is cancelled by user\", \"orderID\": \"ORS-37\", \"timeStamp\": \"2023-01-10 22.19.31\", \"memberName\": \"Mrs. Buthaina  Alriyami\", \"orderStatus\": \"CANCEL\", \"itemResponse\": null, \"sindbadNumber\": \"900267480\"}',0,'CANCEL',1,'2023-01-10 12:49:33','2023-01-10 12:49:33'),(33,'{\"email\": \"buthaina.alriyami@omanair.com\", \"token\": \"xiNOm6y61B7SSedJHi30YhXAVAmUT3\", \"reason\": \"Order is cancelled by user\", \"orderID\": \"ORS-37\", \"timeStamp\": \"2023-01-10 22.19.31\", \"memberName\": \"Mrs. Buthaina  Alriyami\", \"orderStatus\": \"CANCEL\", \"itemResponse\": null, \"sindbadNumber\": \"900267480\"}',0,'CANCEL',1,'2023-01-10 12:50:05','2023-01-10 12:50:05'),(34,'{\"email\": \"buthaina.alriyami@omanair.com\", \"token\": null, \"reason\": \"Order has already been processed by user\", \"orderID\": \"Or-38\", \"timeStamp\": \"2023-01-10 22.25.56\", \"memberName\": \"Mrs. Buthaina  Alriyami\", \"orderStatus\": \"FAILURE\", \"itemResponse\": null, \"sindbadNumber\": \"900267480\"}',38,'FAILURE',1,'2023-01-10 12:55:59','2023-01-10 12:55:59'),(35,'{\"email\": \"buthaina.alriyami@omanair.com\", \"token\": null, \"reason\": \"Order has already been processed by user\", \"orderID\": \"Or-38\", \"timeStamp\": \"2023-01-10 22.25.56\", \"memberName\": \"Mrs. Buthaina  Alriyami\", \"orderStatus\": \"FAILURE\", \"itemResponse\": null, \"sindbadNumber\": \"900267480\"}',38,'FAILURE',1,'2023-01-10 12:56:53','2023-01-10 12:56:53'),(36,'{\"email\": \"buthaina.alriyami@omanair.com\", \"token\": \"EaYGYL8VHYoSgVAEjgLNonsAU0SDF0\", \"reason\": \"Redemption activity is successfully posted for 900267480\", \"orderID\": \"OMR-56\", \"timeStamp\": \"2023-01-11 15.22.05\", \"memberName\": \"Mrs. Buthaina  Alriyami\", \"orderStatus\": \"SUCCESS\", \"itemResponse\": \"[{productID=117082, authID=1107579}]\", \"sindbadNumber\": \"900267480\"}',56,'SUCCESS',1,'2023-01-11 05:58:08','2023-01-11 05:58:08');
/*!40000 ALTER TABLE `payments` ENABLE KEYS */;
UNLOCK TABLES;

--
-- Table structure for table `permissions`
--

DROP TABLE IF EXISTS `permissions`;
/*!40101 SET @saved_cs_client     = @@character_set_client */;
/*!50503 SET character_set_client = utf8mb4 */;
CREATE TABLE `permissions` (
  `id` bigint unsigned NOT NULL AUTO_INCREMENT,
  `name` varchar(255) COLLATE utf8mb4_unicode_ci NOT NULL,
  `guard_name` varchar(255) COLLATE utf8mb4_unicode_ci NOT NULL,
  `created_at` timestamp NULL DEFAULT NULL,
  `updated_at` timestamp NULL DEFAULT NULL,
  PRIMARY KEY (`id`),
  UNIQUE KEY `permissions_name_guard_name_unique` (`name`,`guard_name`)
) ENGINE=InnoDB AUTO_INCREMENT=12 DEFAULT CHARSET=utf8mb4 COLLATE=utf8mb4_unicode_ci;
/*!40101 SET character_set_client = @saved_cs_client */;

--
-- Dumping data for table `permissions`
--

LOCK TABLES `permissions` WRITE;
/*!40000 ALTER TABLE `permissions` DISABLE KEYS */;
INSERT INTO `permissions` VALUES (1,'users_manage','web','2018-02-20 19:16:13','2018-02-20 19:16:13'),(2,'category_manage','web','2018-02-21 00:21:00','2018-02-21 00:21:00'),(3,'subcategory_manage','web','2018-02-21 00:21:00','2018-02-21 00:21:00'),(4,'brand_manage','web','2018-02-21 00:21:00','2018-02-21 00:21:00'),(5,'banner_manage','web','2018-02-21 00:21:00','2018-02-21 00:21:00'),(6,'deliveryoption_manage','web','2018-02-21 00:21:00','2018-02-21 00:21:00'),(7,'role_manage','web','2018-02-21 00:21:00','2018-02-21 00:21:00'),(8,'product_manage','web','2018-02-21 00:21:00','2018-02-21 00:21:00'),(9,'order_manage','web','2018-02-21 00:21:00','2018-02-21 00:21:00'),(10,'master_manage','','2023-01-22 16:17:31','2023-01-22 16:17:31'),(11,'permission_manage','','2023-01-22 16:30:57','2023-01-22 16:30:57');
/*!40000 ALTER TABLE `permissions` ENABLE KEYS */;
UNLOCK TABLES;

--
-- Table structure for table `personal_access_tokens`
--

DROP TABLE IF EXISTS `personal_access_tokens`;
/*!40101 SET @saved_cs_client     = @@character_set_client */;
/*!50503 SET character_set_client = utf8mb4 */;
CREATE TABLE `personal_access_tokens` (
  `id` bigint unsigned NOT NULL AUTO_INCREMENT,
  `tokenable_type` varchar(255) CHARACTER SET utf8mb4 COLLATE utf8mb4_unicode_ci NOT NULL,
  `tokenable_id` bigint unsigned NOT NULL,
  `name` varchar(255) CHARACTER SET utf8mb4 COLLATE utf8mb4_unicode_ci NOT NULL,
  `token` varchar(64) CHARACTER SET utf8mb4 COLLATE utf8mb4_unicode_ci NOT NULL,
  `abilities` text CHARACTER SET utf8mb4 COLLATE utf8mb4_unicode_ci,
  `last_used_at` timestamp NULL DEFAULT NULL,
  `expires_at` timestamp NULL DEFAULT NULL,
  `created_at` timestamp NULL DEFAULT NULL,
  `updated_at` timestamp NULL DEFAULT NULL,
  PRIMARY KEY (`id`),
  UNIQUE KEY `personal_access_tokens_token_unique` (`token`),
  KEY `personal_access_tokens_tokenable_type_tokenable_id_index` (`tokenable_type`,`tokenable_id`)
) ENGINE=InnoDB DEFAULT CHARSET=utf8mb4 COLLATE=utf8mb4_unicode_ci;
/*!40101 SET character_set_client = @saved_cs_client */;

--
-- Dumping data for table `personal_access_tokens`
--

LOCK TABLES `personal_access_tokens` WRITE;
/*!40000 ALTER TABLE `personal_access_tokens` DISABLE KEYS */;
/*!40000 ALTER TABLE `personal_access_tokens` ENABLE KEYS */;
UNLOCK TABLES;

--
-- Table structure for table `product_images`
--

DROP TABLE IF EXISTS `product_images`;
/*!40101 SET @saved_cs_client     = @@character_set_client */;
/*!50503 SET character_set_client = utf8mb4 */;
CREATE TABLE `product_images` (
  `id` int unsigned NOT NULL AUTO_INCREMENT,
  `product_id` int NOT NULL COMMENT 'product_id mapped with id in products table',
  `image_name` varchar(127) NOT NULL COMMENT 'image_name',
  `is_prime` tinyint NOT NULL DEFAULT '1' COMMENT '1 for prime and 0 for non_prime',
  `status` tinyint NOT NULL DEFAULT '1' COMMENT '1 for active and 0 for inactive',
  `created_at` timestamp NULL DEFAULT CURRENT_TIMESTAMP,
  `updated_at` timestamp NOT NULL DEFAULT CURRENT_TIMESTAMP,
  PRIMARY KEY (`id`),
  KEY `product_id` (`product_id`),
  KEY `status` (`status`)
) ENGINE=InnoDB AUTO_INCREMENT=1042 DEFAULT CHARSET=latin1;
/*!40101 SET character_set_client = @saved_cs_client */;

--
-- Dumping data for table `product_images`
--

LOCK TABLES `product_images` WRITE;
/*!40000 ALTER TABLE `product_images` DISABLE KEYS */;
INSERT INTO `product_images` VALUES (1,125507,'125507.jpg',1,1,'2022-12-19 12:06:55','2022-12-19 12:06:55'),(2,164625,'164625.jpg',1,1,'2022-12-19 12:06:55','2022-12-19 12:06:55'),(3,177862,'177862.jpg',1,1,'2022-12-19 12:06:55','2022-12-19 12:06:55'),(4,167473,'167473.jpg',1,1,'2022-12-19 12:06:55','2022-12-19 12:06:55'),(5,125605,'125605.jpg',1,1,'2022-12-19 12:06:55','2022-12-19 12:06:55'),(6,166539,'166539.jpg',1,1,'2022-12-19 12:06:55','2022-12-19 12:06:55'),(7,117387,'117387.jpg',1,1,'2022-12-19 12:06:55','2022-12-19 12:06:55'),(8,117389,'117389.jpg',1,1,'2022-12-19 12:06:55','2022-12-19 12:06:55'),(9,116727,'116727.jpg',1,1,'2022-12-19 12:06:55','2022-12-19 12:06:55'),(10,172079,'172079.jpg',1,1,'2022-12-19 12:06:55','2022-12-19 12:06:55'),(11,172078,'172078.jpg',1,1,'2022-12-19 12:06:55','2022-12-19 12:06:55'),(12,117085,'117085.jpg',1,1,'2022-12-19 12:06:55','2022-12-19 12:06:55'),(13,117087,'117087.jpg',1,1,'2022-12-19 12:06:55','2022-12-19 12:06:55'),(14,117086,'117086.jpg',1,1,'2022-12-19 12:06:55','2022-12-19 12:06:55'),(15,117084,'117084.jpg',1,1,'2022-12-19 12:06:55','2022-12-19 12:06:55'),(16,117081,'117081.jpg',1,1,'2022-12-19 12:06:55','2022-12-19 12:06:55'),(17,117082,'117082.jpg',1,1,'2022-12-19 12:06:55','2022-12-19 12:06:55'),(18,117174,'117174.jpg',1,1,'2022-12-19 12:06:55','2022-12-19 12:06:55'),(19,117175,'117175.jpg',1,1,'2022-12-19 12:06:55','2022-12-19 12:06:55'),(20,117176,'117176.jpg',1,1,'2022-12-19 12:06:55','2022-12-19 12:06:55'),(21,117181,'117181.jpg',1,1,'2022-12-19 12:06:55','2022-12-19 12:06:55'),(22,175054,'175054.jpg',1,1,'2022-12-19 12:06:55','2022-12-19 12:06:55'),(23,175061,'175061.jpg',1,1,'2022-12-19 12:06:55','2022-12-19 12:06:55'),(24,175062,'175062.jpg',1,1,'2022-12-19 12:06:55','2022-12-19 12:06:55'),(25,175059,'175059.jpg',1,1,'2022-12-19 12:06:55','2022-12-19 12:06:55'),(26,175394,'175394.jpg',1,1,'2022-12-19 12:06:55','2022-12-19 12:06:55'),(27,175416,'175416.jpg',1,1,'2022-12-19 12:06:55','2022-12-19 12:06:55'),(28,175069,'175069.jpg',1,1,'2022-12-19 12:06:55','2022-12-19 12:06:55'),(29,175066,'175066.jpg',1,1,'2022-12-19 12:06:55','2022-12-19 12:06:55'),(30,175406,'175406.jpg',1,1,'2022-12-19 12:06:55','2022-12-19 12:06:55'),(31,175419,'175419.jpg',1,1,'2022-12-19 12:06:55','2022-12-19 12:06:55'),(32,175407,'175407.jpg',1,1,'2022-12-19 12:06:55','2022-12-19 12:06:55'),(33,175075,'175075.jpg',1,1,'2022-12-19 12:06:55','2022-12-19 12:06:55'),(34,175408,'175408.jpg',1,1,'2022-12-19 12:06:55','2022-12-19 12:06:55'),(35,175058,'175058.jpg',1,1,'2022-12-19 12:06:55','2022-12-19 12:06:55'),(36,180242,'180242.jpg',1,1,'2022-12-19 12:06:55','2022-12-19 12:06:55'),(37,175080,'175080.jpg',1,1,'2022-12-19 12:06:55','2022-12-19 12:06:55'),(38,175051,'175051.jpg',1,1,'2022-12-19 12:06:55','2022-12-19 12:06:55'),(39,175414,'175414.jpg',1,1,'2022-12-19 12:06:55','2022-12-19 12:06:55'),(40,175068,'175068.jpg',1,1,'2022-12-19 12:06:55','2022-12-19 12:06:55'),(41,175052,'175052.jpg',1,1,'2022-12-19 12:06:55','2022-12-19 12:06:55'),(42,175412,'175412.jpg',1,1,'2022-12-19 12:06:55','2022-12-19 12:06:55'),(43,175424,'175424.jpg',1,1,'2022-12-19 12:06:55','2022-12-19 12:06:55'),(44,175405,'175405.jpg',1,1,'2022-12-19 12:06:55','2022-12-19 12:06:55'),(45,175049,'175049.jpg',1,1,'2022-12-19 12:06:55','2022-12-19 12:06:55'),(46,175418,'175418.jpg',1,1,'2022-12-19 12:06:55','2022-12-19 12:06:55'),(47,175404,'175404.jpg',1,1,'2022-12-19 12:06:55','2022-12-19 12:06:55'),(48,180245,'180245.jpg',1,1,'2022-12-19 12:06:55','2022-12-19 12:06:55'),(49,175417,'175417.jpg',1,1,'2022-12-19 12:06:55','2022-12-19 12:06:55'),(50,175393,'175393.jpg',1,1,'2022-12-19 12:06:55','2022-12-19 12:06:55'),(51,175392,'175392.jpg',1,1,'2022-12-19 12:06:55','2022-12-19 12:06:55'),(52,175391,'175391.jpg',1,1,'2022-12-19 12:06:55','2022-12-19 12:06:55'),(53,180228,'180228.jpg',1,1,'2022-12-19 12:06:55','2022-12-19 12:06:55'),(54,171115,'171115.jpg',1,1,'2022-12-19 12:06:55','2022-12-19 12:06:55'),(55,171117,'171117.jpg',1,1,'2022-12-19 12:06:55','2022-12-19 12:06:55'),(56,175429,'175429.jpg',1,1,'2022-12-19 12:06:55','2022-12-19 12:06:55'),(57,171116,'171116.jpg',1,1,'2022-12-19 12:06:55','2022-12-19 12:06:55'),(58,173458,'173458.jpg',1,1,'2022-12-19 12:06:55','2022-12-19 12:06:55'),(59,173462,'173462.jpg',1,1,'2022-12-19 12:06:55','2022-12-19 12:06:55'),(60,118036,'118036.jpg',1,1,'2022-12-19 12:06:55','2022-12-19 12:06:55'),(61,1063,'1063.jpg',1,1,'2022-12-19 12:06:55','2022-12-19 12:06:55'),(62,40405,'40405.jpg',1,1,'2022-12-19 12:06:55','2022-12-19 12:06:55'),(63,16563,'16563.jpg',1,1,'2022-12-19 12:06:55','2022-12-19 12:06:55'),(64,62281,'62281.jpg',1,1,'2022-12-19 12:06:55','2022-12-19 12:06:55'),(65,5781,'5781.jpg',1,1,'2022-12-19 12:06:55','2022-12-19 12:06:55'),(66,45594,'45594.jpg',1,1,'2022-12-19 12:06:55','2022-12-19 12:06:55'),(67,74689,'74689.jpg',1,1,'2022-12-19 12:06:55','2022-12-19 12:06:55'),(68,12377,'12377.jpg',1,1,'2022-12-19 12:06:55','2022-12-19 12:06:55'),(69,99214,'99214.jpg',1,1,'2022-12-19 12:06:55','2022-12-19 12:06:55'),(70,99215,'99215.jpg',1,1,'2022-12-19 12:06:55','2022-12-19 12:06:55'),(71,52047,'52047.jpg',1,1,'2022-12-19 12:06:55','2022-12-19 12:06:55'),(72,174644,'174644.jpg',1,1,'2022-12-19 12:06:55','2022-12-19 12:06:55'),(73,174645,'174645.jpg',1,1,'2022-12-19 12:06:55','2022-12-19 12:06:55'),(74,52045,'52045.jpg',1,1,'2022-12-19 12:06:55','2022-12-19 12:06:55'),(75,62284,'62284.jpg',1,1,'2022-12-19 12:06:55','2022-12-19 12:06:55'),(76,72936,'72936.jpg',1,1,'2022-12-19 12:06:57','2022-12-19 12:06:57'),(77,97562,'97562.jpg',1,1,'2022-12-19 12:06:57','2022-12-19 12:06:57'),(78,23309,'23309.jpg',1,1,'2022-12-19 12:06:57','2022-12-19 12:06:57'),(79,82067,'82067.jpg',1,1,'2022-12-19 12:06:57','2022-12-19 12:06:57'),(80,72939,'72939.jpg',1,1,'2022-12-19 12:06:57','2022-12-19 12:06:57'),(81,97563,'97563.jpg',1,1,'2022-12-19 12:06:57','2022-12-19 12:06:57'),(82,63012,'63012.jpg',1,1,'2022-12-19 12:06:57','2022-12-19 12:06:57'),(83,72940,'72940.jpg',1,1,'2022-12-19 12:06:57','2022-12-19 12:06:57'),(84,72937,'72937.jpg',1,1,'2022-12-19 12:06:57','2022-12-19 12:06:57'),(85,16562,'16562.jpg',1,1,'2022-12-19 12:06:57','2022-12-19 12:06:57'),(86,5810,'5810.jpg',1,1,'2022-12-19 12:06:57','2022-12-19 12:06:57'),(87,155259,'155259.jpg',1,1,'2022-12-19 12:06:57','2022-12-19 12:06:57'),(88,107120,'107120.jpg',1,1,'2022-12-19 12:06:57','2022-12-19 12:06:57'),(89,90901,'90901.jpg',1,1,'2022-12-19 12:06:57','2022-12-19 12:06:57'),(90,58972,'58972.jpg',1,1,'2022-12-19 12:06:57','2022-12-19 12:06:57'),(91,72935,'72935.jpg',1,1,'2022-12-19 12:06:57','2022-12-19 12:06:57'),(92,2362,'2362.jpg',1,1,'2022-12-19 12:06:57','2022-12-19 12:06:57'),(93,91176,'91176.jpg',1,1,'2022-12-19 12:06:57','2022-12-19 12:06:57'),(94,20850,'20850.jpg',1,1,'2022-12-19 12:06:57','2022-12-19 12:06:57'),(95,30289,'30289.jpg',1,1,'2022-12-19 12:06:57','2022-12-19 12:06:57'),(96,5749,'5749.jpg',1,1,'2022-12-19 12:06:57','2022-12-19 12:06:57'),(97,58976,'58976.jpg',1,1,'2022-12-19 12:06:57','2022-12-19 12:06:57'),(98,174330,'174330.jpg',1,1,'2022-12-19 12:06:57','2022-12-19 12:06:57'),(99,2067,'2067.jpg',1,1,'2022-12-19 12:06:57','2022-12-19 12:06:57'),(100,174327,'174327.jpg',1,1,'2022-12-19 12:06:57','2022-12-19 12:06:57'),(101,173306,'173306.jpg',1,1,'2022-12-19 12:06:57','2022-12-19 12:06:57'),(102,173307,'173307.jpg',1,1,'2022-12-19 12:06:57','2022-12-19 12:06:57'),(103,174331,'174331.jpg',1,1,'2022-12-19 12:06:57','2022-12-19 12:06:57'),(104,159181,'159181.jpg',1,1,'2022-12-19 12:06:57','2022-12-19 12:06:57'),(105,35793,'35793.jpg',1,1,'2022-12-19 12:06:57','2022-12-19 12:06:57'),(106,2347,'2347.jpg',1,1,'2022-12-19 12:06:57','2022-12-19 12:06:57'),(107,2348,'2348.jpg',1,1,'2022-12-19 12:06:57','2022-12-19 12:06:57'),(108,77801,'77801.jpg',1,1,'2022-12-19 12:06:57','2022-12-19 12:06:57'),(109,155189,'155189.jpg',1,1,'2022-12-19 12:06:57','2022-12-19 12:06:57'),(110,82528,'82528.jpg',1,1,'2022-12-19 12:06:57','2022-12-19 12:06:57'),(111,57209,'57209.jpg',1,1,'2022-12-19 12:06:57','2022-12-19 12:06:57'),(112,52444,'52444.jpg',1,1,'2022-12-19 12:06:57','2022-12-19 12:06:57'),(113,174808,'174808.jpg',1,1,'2022-12-19 12:06:57','2022-12-19 12:06:57'),(114,172008,'172008.jpg',1,1,'2022-12-19 12:06:57','2022-12-19 12:06:57'),(115,30288,'30288.jpg',1,1,'2022-12-19 12:06:58','2022-12-19 12:06:58'),(116,129777,'129777.jpg',1,1,'2022-12-19 12:06:58','2022-12-19 12:06:58'),(117,160032,'160032.jpg',1,1,'2022-12-19 12:06:58','2022-12-19 12:06:58'),(118,174809,'174809.jpg',1,1,'2022-12-19 12:06:58','2022-12-19 12:06:58'),(119,174810,'174810.jpg',1,1,'2022-12-19 12:06:58','2022-12-19 12:06:58'),(120,106089,'106089.jpg',1,1,'2022-12-19 12:06:58','2022-12-19 12:06:58'),(121,167036,'167036.jpg',1,1,'2022-12-19 12:06:58','2022-12-19 12:06:58'),(122,155261,'155261.jpg',1,1,'2022-12-19 12:06:58','2022-12-19 12:06:58'),(123,164828,'164828.jpg',1,1,'2022-12-19 12:06:58','2022-12-19 12:06:58'),(124,103424,'103424.jpg',1,1,'2022-12-19 12:06:58','2022-12-19 12:06:58'),(125,160033,'160033.jpg',1,1,'2022-12-19 12:06:58','2022-12-19 12:06:58'),(126,174804,'174804.jpg',1,1,'2022-12-19 12:06:58','2022-12-19 12:06:58'),(127,174806,'174806.jpg',1,1,'2022-12-19 12:06:58','2022-12-19 12:06:58'),(128,174807,'174807.jpg',1,1,'2022-12-19 12:06:58','2022-12-19 12:06:58'),(129,174805,'174805.jpg',1,1,'2022-12-19 12:06:58','2022-12-19 12:06:58'),(130,82522,'82522.jpg',1,1,'2022-12-19 12:06:58','2022-12-19 12:06:58'),(131,162754,'162754.jpg',1,1,'2022-12-19 12:06:58','2022-12-19 12:06:58'),(132,174326,'174326.jpg',1,1,'2022-12-19 12:06:58','2022-12-19 12:06:58'),(133,103425,'103425.jpg',1,1,'2022-12-19 12:06:58','2022-12-19 12:06:58'),(134,82526,'82526.jpg',1,1,'2022-12-19 12:06:58','2022-12-19 12:06:58'),(135,174732,'174732.jpg',1,1,'2022-12-19 12:06:58','2022-12-19 12:06:58'),(136,167035,'167035.jpg',1,1,'2022-12-19 12:06:58','2022-12-19 12:06:58'),(137,174731,'174731.jpg',1,1,'2022-12-19 12:06:58','2022-12-19 12:06:58'),(138,103426,'103426.jpg',1,1,'2022-12-19 12:06:58','2022-12-19 12:06:58'),(139,174803,'174803.jpg',1,1,'2022-12-19 12:06:58','2022-12-19 12:06:58'),(140,68288,'68288.jpg',1,1,'2022-12-19 12:06:58','2022-12-19 12:06:58'),(141,68292,'68292.jpg',1,1,'2022-12-19 12:06:58','2022-12-19 12:06:58'),(142,82520,'82520.jpg',1,1,'2022-12-19 12:06:58','2022-12-19 12:06:58'),(143,174802,'174802.jpg',1,1,'2022-12-19 12:06:58','2022-12-19 12:06:58'),(144,82524,'82524.jpg',1,1,'2022-12-19 12:06:58','2022-12-19 12:06:58'),(145,103429,'103429.jpg',1,1,'2022-12-19 12:06:58','2022-12-19 12:06:58'),(146,103428,'103428.jpg',1,1,'2022-12-19 12:06:58','2022-12-19 12:06:58'),(147,68297,'68297.jpg',1,1,'2022-12-19 12:06:58','2022-12-19 12:06:58'),(148,171303,'171303.jpg',1,1,'2022-12-19 12:06:58','2022-12-19 12:06:58'),(149,170928,'170928.jpg',1,1,'2022-12-19 12:06:58','2022-12-19 12:06:58'),(150,170929,'170929.jpg',1,1,'2022-12-19 12:06:58','2022-12-19 12:06:58'),(151,83600,'83600.jpg',1,1,'2022-12-19 12:06:58','2022-12-19 12:06:58'),(152,169097,'169097.jpg',1,1,'2022-12-19 12:06:58','2022-12-19 12:06:58'),(153,103214,'103214.jpg',1,1,'2022-12-19 12:06:58','2022-12-19 12:06:58'),(154,64516,'64516.jpg',1,1,'2022-12-19 12:06:58','2022-12-19 12:06:58'),(155,159450,'159450.jpg',1,1,'2022-12-19 12:06:58','2022-12-19 12:06:58'),(156,87960,'87960.jpg',1,1,'2022-12-19 12:06:58','2022-12-19 12:06:58'),(157,171434,'171434.jpg',1,1,'2022-12-19 12:06:58','2022-12-19 12:06:58'),(158,171433,'171433.jpg',1,1,'2022-12-19 12:06:58','2022-12-19 12:06:58'),(159,175455,'175455.jpg',1,1,'2022-12-19 12:06:58','2022-12-19 12:06:58'),(160,175454,'175454.jpg',1,1,'2022-12-19 12:06:58','2022-12-19 12:06:58'),(161,170308,'170308.jpg',1,1,'2022-12-19 12:06:58','2022-12-19 12:06:58'),(162,170307,'170307.jpg',1,1,'2022-12-19 12:06:58','2022-12-19 12:06:58'),(163,104793,'104793.jpg',1,1,'2022-12-19 12:06:58','2022-12-19 12:06:58'),(164,160074,'160074.jpg',1,1,'2022-12-19 12:06:58','2022-12-19 12:06:58'),(165,29269,'29269.jpg',1,1,'2022-12-19 12:06:58','2022-12-19 12:06:58'),(166,129914,'129914.jpg',1,1,'2022-12-19 12:06:58','2022-12-19 12:06:58'),(167,129913,'129913.jpg',1,1,'2022-12-19 12:06:58','2022-12-19 12:06:58'),(168,31790,'31790.jpg',1,1,'2022-12-19 12:06:58','2022-12-19 12:06:58'),(169,119381,'119381.jpg',1,1,'2022-12-19 12:06:58','2022-12-19 12:06:58'),(170,119380,'119380.jpg',1,1,'2022-12-19 12:06:58','2022-12-19 12:06:58'),(171,171438,'171438.jpg',1,1,'2022-12-19 12:06:58','2022-12-19 12:06:58'),(172,171437,'171437.jpg',1,1,'2022-12-19 12:06:58','2022-12-19 12:06:58'),(173,173128,'173128.jpg',1,1,'2022-12-19 12:06:58','2022-12-19 12:06:58'),(174,178316,'178316.jpg',1,1,'2022-12-19 12:06:58','2022-12-19 12:06:58'),(175,178317,'178317.jpg',1,1,'2022-12-19 12:06:58','2022-12-19 12:06:58'),(176,175876,'175876.jpg',1,1,'2022-12-19 12:06:58','2022-12-19 12:06:58'),(177,1125,'1125.jpg',1,1,'2022-12-19 12:06:58','2022-12-19 12:06:58'),(178,137098,'137098.jpg',1,1,'2022-12-19 12:06:58','2022-12-19 12:06:58'),(179,137096,'137096.jpg',1,1,'2022-12-19 12:06:58','2022-12-19 12:06:58'),(180,170693,'170693.jpg',1,1,'2022-12-19 12:06:58','2022-12-19 12:06:58'),(181,170692,'170692.jpg',1,1,'2022-12-19 12:06:58','2022-12-19 12:06:58'),(182,92151,'92151.jpg',1,1,'2022-12-19 12:06:58','2022-12-19 12:06:58'),(183,165344,'165344.jpg',1,1,'2022-12-19 12:06:58','2022-12-19 12:06:58'),(184,165343,'165343.jpg',1,1,'2022-12-19 12:06:58','2022-12-19 12:06:58'),(185,165341,'165341.jpg',1,1,'2022-12-19 12:06:58','2022-12-19 12:06:58'),(186,175877,'175877.jpg',1,1,'2022-12-19 12:06:58','2022-12-19 12:06:58'),(187,175878,'175878.jpg',1,1,'2022-12-19 12:06:58','2022-12-19 12:06:58'),(188,101015,'101015.jpg',1,1,'2022-12-19 12:06:58','2022-12-19 12:06:58'),(189,137102,'137102.jpg',1,1,'2022-12-19 12:06:58','2022-12-19 12:06:58'),(190,123697,'123697.jpg',1,1,'2022-12-19 12:06:58','2022-12-19 12:06:58'),(191,123699,'123699.jpg',1,1,'2022-12-19 12:06:58','2022-12-19 12:06:58'),(192,123714,'123714.jpg',1,1,'2022-12-19 12:06:58','2022-12-19 12:06:58'),(193,123683,'123683.jpg',1,1,'2022-12-19 12:06:58','2022-12-19 12:06:58'),(194,173227,'173227.jpg',1,1,'2022-12-19 12:06:58','2022-12-19 12:06:58'),(195,123695,'123695.jpg',1,1,'2022-12-19 12:06:58','2022-12-19 12:06:58'),(196,123730,'123730.jpg',1,1,'2022-12-19 12:06:58','2022-12-19 12:06:58'),(197,123737,'123737.jpg',1,1,'2022-12-19 12:06:58','2022-12-19 12:06:58'),(198,123736,'123736.jpg',1,1,'2022-12-19 12:06:58','2022-12-19 12:06:58'),(199,123717,'123717.jpg',1,1,'2022-12-19 12:06:58','2022-12-19 12:06:58'),(200,123689,'123689.jpg',1,1,'2022-12-19 12:06:58','2022-12-19 12:06:58'),(201,170699,'170699.jpg',1,1,'2022-12-19 12:06:58','2022-12-19 12:06:58'),(202,91371,'91371.jpg',1,1,'2022-12-19 12:06:58','2022-12-19 12:06:58'),(203,174727,'174727.jpg',1,1,'2022-12-19 12:06:58','2022-12-19 12:06:58'),(204,143257,'143257.jpg',1,1,'2022-12-19 12:06:58','2022-12-19 12:06:58'),(205,42893,'42893.jpg',1,1,'2022-12-19 12:06:58','2022-12-19 12:06:58'),(206,73185,'73185.jpg',1,1,'2022-12-19 12:06:58','2022-12-19 12:06:58'),(207,83568,'83568.jpg',1,1,'2022-12-19 12:06:58','2022-12-19 12:06:58'),(208,97777,'97777.jpg',1,1,'2022-12-19 12:06:58','2022-12-19 12:06:58'),(209,166140,'166140.jpg',1,1,'2022-12-19 12:06:58','2022-12-19 12:06:58'),(210,175379,'175379.jpg',1,1,'2022-12-19 12:06:58','2022-12-19 12:06:58'),(211,42060,'42060.jpg',1,1,'2022-12-19 12:06:58','2022-12-19 12:06:58'),(212,170317,'170317.jpg',1,1,'2022-12-19 12:06:58','2022-12-19 12:06:58'),(213,178175,'178175.jpg',1,1,'2022-12-19 12:06:58','2022-12-19 12:06:58'),(214,94063,'94063.jpg',1,1,'2022-12-19 12:06:58','2022-12-19 12:06:58'),(215,156777,'156777.jpg',1,1,'2022-12-19 12:06:58','2022-12-19 12:06:58'),(216,133400,'133400.jpg',1,1,'2022-12-19 12:06:58','2022-12-19 12:06:58'),(217,175881,'175881.jpg',1,1,'2022-12-19 12:06:58','2022-12-19 12:06:58'),(218,174321,'174321.jpg',1,1,'2022-12-19 12:06:58','2022-12-19 12:06:58'),(219,173392,'173392.jpg',1,1,'2022-12-19 12:06:58','2022-12-19 12:06:58'),(220,173393,'173393.jpg',1,1,'2022-12-19 12:06:58','2022-12-19 12:06:58'),(221,11143,'11143.jpg',1,1,'2022-12-19 12:06:58','2022-12-19 12:06:58'),(222,173224,'173224.jpg',1,1,'2022-12-19 12:06:58','2022-12-19 12:06:58'),(223,165311,'165311.jpg',1,1,'2022-12-19 12:06:58','2022-12-19 12:06:58'),(224,165309,'165309.jpg',1,1,'2022-12-19 12:06:58','2022-12-19 12:06:58'),(225,171610,'171610.jpg',1,1,'2022-12-19 12:06:58','2022-12-19 12:06:58'),(226,11121,'11121.jpg',1,1,'2022-12-19 12:06:58','2022-12-19 12:06:58'),(227,171608,'171608.jpg',1,1,'2022-12-19 12:06:58','2022-12-19 12:06:58'),(228,180020,'180020.jpg',1,1,'2022-12-19 12:06:58','2022-12-19 12:06:58'),(229,180019,'180019.jpg',1,1,'2022-12-19 12:06:58','2022-12-19 12:06:58'),(230,180022,'180022.jpg',1,1,'2022-12-19 12:06:58','2022-12-19 12:06:58'),(231,34132,'34132.jpg',1,1,'2022-12-19 12:06:58','2022-12-19 12:06:58'),(232,180016,'180016.jpg',1,1,'2022-12-19 12:06:58','2022-12-19 12:06:58'),(233,11140,'11140.jpg',1,1,'2022-12-19 12:06:58','2022-12-19 12:06:58'),(234,11141,'11141.jpg',1,1,'2022-12-19 12:06:58','2022-12-19 12:06:58'),(235,153204,'153204.jpg',1,1,'2022-12-19 12:06:58','2022-12-19 12:06:58'),(236,178916,'178916.jpg',1,1,'2022-12-19 12:06:58','2022-12-19 12:06:58'),(237,169350,'169350.jpg',1,1,'2022-12-19 12:06:58','2022-12-19 12:06:58'),(238,169823,'169823.jpg',1,1,'2022-12-19 12:06:58','2022-12-19 12:06:58'),(239,143481,'143481.jpg',1,1,'2022-12-19 12:06:58','2022-12-19 12:06:58'),(240,143482,'143482.jpg',1,1,'2022-12-19 12:06:58','2022-12-19 12:06:58'),(241,171290,'171290.jpg',1,1,'2022-12-19 12:06:58','2022-12-19 12:06:58'),(242,171289,'171289.jpg',1,1,'2022-12-19 12:06:58','2022-12-19 12:06:58'),(243,173041,'173041.jpg',1,1,'2022-12-19 12:06:58','2022-12-19 12:06:58'),(244,173040,'173040.jpg',1,1,'2022-12-19 12:06:58','2022-12-19 12:06:58'),(245,176863,'176863.jpg',1,1,'2022-12-19 12:06:58','2022-12-19 12:06:58'),(246,176864,'176864.jpg',1,1,'2022-12-19 12:06:58','2022-12-19 12:06:58'),(247,170359,'170359.jpg',1,1,'2022-12-19 12:06:58','2022-12-19 12:06:58'),(248,170358,'170358.jpg',1,1,'2022-12-19 12:06:58','2022-12-19 12:06:58'),(249,175902,'175902.jpg',1,1,'2022-12-19 12:06:58','2022-12-19 12:06:58'),(250,175901,'175901.jpg',1,1,'2022-12-19 12:06:58','2022-12-19 12:06:58'),(251,170779,'170779.jpg',1,1,'2022-12-19 12:06:58','2022-12-19 12:06:58'),(252,170361,'170361.jpg',1,1,'2022-12-19 12:06:58','2022-12-19 12:06:58'),(253,170362,'170362.jpg',1,1,'2022-12-19 12:06:58','2022-12-19 12:06:58'),(254,124088,'124088.jpg',1,1,'2022-12-19 12:06:58','2022-12-19 12:06:58'),(255,124089,'124089.jpg',1,1,'2022-12-19 12:06:58','2022-12-19 12:06:58'),(256,143252,'143252.jpg',1,1,'2022-12-19 12:06:58','2022-12-19 12:06:58'),(257,178598,'178598.jpg',1,1,'2022-12-19 12:06:58','2022-12-19 12:06:58'),(258,124079,'124079.jpg',1,1,'2022-12-19 12:06:58','2022-12-19 12:06:58'),(259,124080,'124080.jpg',1,1,'2022-12-19 12:06:58','2022-12-19 12:06:58'),(260,124045,'124045.jpg',1,1,'2022-12-19 12:06:58','2022-12-19 12:06:58'),(261,70806,'70806.jpg',1,1,'2022-12-19 12:06:58','2022-12-19 12:06:58'),(262,176545,'176545.jpg',1,1,'2022-12-19 12:06:58','2022-12-19 12:06:58'),(263,125468,'125468.jpg',1,1,'2022-12-19 12:06:58','2022-12-19 12:06:58'),(264,125469,'125469.jpg',1,1,'2022-12-19 12:06:58','2022-12-19 12:06:58'),(265,102473,'102473.jpg',1,1,'2022-12-19 12:06:58','2022-12-19 12:06:58'),(266,102472,'102472.jpg',1,1,'2022-12-19 12:06:58','2022-12-19 12:06:58'),(267,129993,'129993.jpg',1,1,'2022-12-19 12:06:58','2022-12-19 12:06:58'),(268,129994,'129994.jpg',1,1,'2022-12-19 12:06:58','2022-12-19 12:06:58'),(269,167981,'167981.jpg',1,1,'2022-12-19 12:06:58','2022-12-19 12:06:58'),(270,106139,'106139.jpg',1,1,'2022-12-19 12:06:58','2022-12-19 12:06:58'),(271,106138,'106138.jpg',1,1,'2022-12-19 12:06:58','2022-12-19 12:06:58'),(272,171301,'171301.jpg',1,1,'2022-12-19 12:06:58','2022-12-19 12:06:58'),(273,171300,'171300.jpg',1,1,'2022-12-19 12:06:58','2022-12-19 12:06:58'),(274,106137,'106137.jpg',1,1,'2022-12-19 12:06:58','2022-12-19 12:06:58'),(275,106147,'106147.jpg',1,1,'2022-12-19 12:06:58','2022-12-19 12:06:58'),(276,175795,'175795.jpg',1,1,'2022-12-19 12:06:58','2022-12-19 12:06:58'),(277,121616,'121616.jpg',1,1,'2022-12-19 12:06:58','2022-12-19 12:06:58'),(278,121615,'121615.jpg',1,1,'2022-12-19 12:06:58','2022-12-19 12:06:58'),(279,169829,'169829.jpg',1,1,'2022-12-19 12:06:58','2022-12-19 12:06:58'),(280,169828,'169828.jpg',1,1,'2022-12-19 12:06:58','2022-12-19 12:06:58'),(281,132035,'132035.jpg',1,1,'2022-12-19 12:06:58','2022-12-19 12:06:58'),(282,132044,'132044.jpg',1,1,'2022-12-19 12:06:58','2022-12-19 12:06:58'),(283,174312,'174312.jpg',1,1,'2022-12-19 12:06:58','2022-12-19 12:06:58'),(284,1695,'1695.jpg',1,1,'2022-12-19 12:06:58','2022-12-19 12:06:58'),(285,170777,'170777.jpg',1,1,'2022-12-19 12:06:58','2022-12-19 12:06:58'),(286,170776,'170776.jpg',1,1,'2022-12-19 12:06:58','2022-12-19 12:06:58'),(287,174314,'174314.jpg',1,1,'2022-12-19 12:06:58','2022-12-19 12:06:58'),(288,131210,'131210.jpg',1,1,'2022-12-19 12:06:58','2022-12-19 12:06:58'),(289,131211,'131211.jpg',1,1,'2022-12-19 12:06:58','2022-12-19 12:06:58'),(290,64137,'64137.jpg',1,1,'2022-12-19 12:06:58','2022-12-19 12:06:58'),(291,112377,'112377.jpg',1,1,'2022-12-19 12:06:58','2022-12-19 12:06:58'),(292,121086,'121086.jpg',1,1,'2022-12-19 12:06:58','2022-12-19 12:06:58'),(293,146141,'146141.jpg',1,1,'2022-12-19 12:06:58','2022-12-19 12:06:58'),(294,137114,'137114.jpg',1,1,'2022-12-19 12:06:58','2022-12-19 12:06:58'),(295,180035,'180035.jpg',1,1,'2022-12-19 12:06:59','2022-12-19 12:06:59'),(296,180034,'180034.jpg',1,1,'2022-12-19 12:06:59','2022-12-19 12:06:59'),(297,170684,'170684.jpg',1,1,'2022-12-19 12:06:59','2022-12-19 12:06:59'),(298,174319,'174319.jpg',1,1,'2022-12-19 12:06:59','2022-12-19 12:06:59'),(299,174320,'174320.jpg',1,1,'2022-12-19 12:06:59','2022-12-19 12:06:59'),(300,165114,'165114.jpg',1,1,'2022-12-19 12:06:59','2022-12-19 12:06:59'),(301,165115,'165115.jpg',1,1,'2022-12-19 12:06:59','2022-12-19 12:06:59'),(302,173139,'173139.jpg',1,1,'2022-12-19 12:06:59','2022-12-19 12:06:59'),(303,170907,'170907.jpg',1,1,'2022-12-19 12:06:59','2022-12-19 12:06:59'),(304,170908,'170908.jpg',1,1,'2022-12-19 12:06:59','2022-12-19 12:06:59'),(305,170444,'170444.jpg',1,1,'2022-12-19 12:06:59','2022-12-19 12:06:59'),(306,124187,'124187.jpg',1,1,'2022-12-19 12:06:59','2022-12-19 12:06:59'),(307,175198,'175198.jpg',1,1,'2022-12-19 12:06:59','2022-12-19 12:06:59'),(308,175197,'175197.jpg',1,1,'2022-12-19 12:06:59','2022-12-19 12:06:59'),(309,175202,'175202.jpg',1,1,'2022-12-19 12:06:59','2022-12-19 12:06:59'),(310,175201,'175201.jpg',1,1,'2022-12-19 12:06:59','2022-12-19 12:06:59'),(311,175204,'175204.jpg',1,1,'2022-12-19 12:06:59','2022-12-19 12:06:59'),(312,175203,'175203.jpg',1,1,'2022-12-19 12:06:59','2022-12-19 12:06:59'),(313,175200,'175200.jpg',1,1,'2022-12-19 12:06:59','2022-12-19 12:06:59'),(314,175199,'175199.jpg',1,1,'2022-12-19 12:06:59','2022-12-19 12:06:59'),(315,91094,'91094.jpg',1,1,'2022-12-19 12:06:59','2022-12-19 12:06:59'),(316,91093,'91093.jpg',1,1,'2022-12-19 12:06:59','2022-12-19 12:06:59'),(317,158453,'158453.jpg',1,1,'2022-12-19 12:06:59','2022-12-19 12:06:59'),(318,158454,'158454.jpg',1,1,'2022-12-19 12:06:59','2022-12-19 12:06:59'),(319,173231,'173231.jpg',1,1,'2022-12-19 12:06:59','2022-12-19 12:06:59'),(320,170956,'170956.jpg',1,1,'2022-12-19 12:06:59','2022-12-19 12:06:59'),(321,170957,'170957.jpg',1,1,'2022-12-19 12:06:59','2022-12-19 12:06:59'),(322,173441,'173441.jpg',1,1,'2022-12-19 12:06:59','2022-12-19 12:06:59'),(323,170942,'170942.jpg',1,1,'2022-12-19 12:06:59','2022-12-19 12:06:59'),(324,170941,'170941.jpg',1,1,'2022-12-19 12:06:59','2022-12-19 12:06:59'),(325,170940,'170940.jpg',1,1,'2022-12-19 12:06:59','2022-12-19 12:06:59'),(326,170955,'170955.jpg',1,1,'2022-12-19 12:06:59','2022-12-19 12:06:59'),(327,170954,'170954.jpg',1,1,'2022-12-19 12:06:59','2022-12-19 12:06:59'),(328,170958,'170958.jpg',1,1,'2022-12-19 12:06:59','2022-12-19 12:06:59'),(329,165206,'165206.jpg',1,1,'2022-12-19 12:06:59','2022-12-19 12:06:59'),(330,104694,'104694.jpg',1,1,'2022-12-19 12:06:59','2022-12-19 12:06:59'),(331,122735,'122735.jpg',1,1,'2022-12-19 12:06:59','2022-12-19 12:06:59'),(332,156189,'156189.jpg',1,1,'2022-12-19 12:06:59','2022-12-19 12:06:59'),(333,70847,'70847.jpg',1,1,'2022-12-19 12:06:59','2022-12-19 12:06:59'),(334,70846,'70846.jpg',1,1,'2022-12-19 12:06:59','2022-12-19 12:06:59'),(335,70845,'70845.jpg',1,1,'2022-12-19 12:06:59','2022-12-19 12:06:59'),(336,70844,'70844.jpg',1,1,'2022-12-19 12:06:59','2022-12-19 12:06:59'),(337,176549,'176549.jpg',1,1,'2022-12-19 12:06:59','2022-12-19 12:06:59'),(338,176548,'176548.jpg',1,1,'2022-12-19 12:06:59','2022-12-19 12:06:59'),(339,156190,'156190.jpg',1,1,'2022-12-19 12:06:59','2022-12-19 12:06:59'),(340,176554,'176554.jpg',1,1,'2022-12-19 12:06:59','2022-12-19 12:06:59'),(341,176553,'176553.jpg',1,1,'2022-12-19 12:06:59','2022-12-19 12:06:59'),(342,176551,'176551.jpg',1,1,'2022-12-19 12:06:59','2022-12-19 12:06:59'),(343,102471,'102471.jpg',1,1,'2022-12-19 12:06:59','2022-12-19 12:06:59'),(344,102470,'102470.jpg',1,1,'2022-12-19 12:06:59','2022-12-19 12:06:59'),(345,170766,'170766.jpg',1,1,'2022-12-19 12:06:59','2022-12-19 12:06:59'),(346,170545,'170545.jpg',1,1,'2022-12-19 12:06:59','2022-12-19 12:06:59'),(347,59527,'59527.jpg',1,1,'2022-12-19 12:06:59','2022-12-19 12:06:59'),(348,48387,'48387.jpg',1,1,'2022-12-19 12:06:59','2022-12-19 12:06:59'),(349,48388,'48388.jpg',1,1,'2022-12-19 12:06:59','2022-12-19 12:06:59'),(350,169656,'169656.jpg',1,1,'2022-12-19 12:06:59','2022-12-19 12:06:59'),(351,169657,'169657.jpg',1,1,'2022-12-19 12:06:59','2022-12-19 12:06:59'),(352,131737,'131737.jpg',1,1,'2022-12-19 12:06:59','2022-12-19 12:06:59'),(353,82056,'82056.jpg',1,1,'2022-12-19 12:06:59','2022-12-19 12:06:59'),(354,60770,'60770.jpg',1,1,'2022-12-19 12:06:59','2022-12-19 12:06:59'),(355,100160,'100160.jpg',1,1,'2022-12-19 12:06:59','2022-12-19 12:06:59'),(356,98635,'98635.jpg',1,1,'2022-12-19 12:06:59','2022-12-19 12:06:59'),(357,123207,'123207.jpg',1,1,'2022-12-19 12:06:59','2022-12-19 12:06:59'),(358,123208,'123208.jpg',1,1,'2022-12-19 12:06:59','2022-12-19 12:06:59'),(359,178090,'178090.jpg',1,1,'2022-12-19 12:06:59','2022-12-19 12:06:59'),(360,129946,'129946.jpg',1,1,'2022-12-19 12:06:59','2022-12-19 12:06:59'),(361,173601,'173601.jpg',1,1,'2022-12-19 12:06:59','2022-12-19 12:06:59'),(362,173600,'173600.jpg',1,1,'2022-12-19 12:06:59','2022-12-19 12:06:59'),(363,179664,'179664.jpg',1,1,'2022-12-19 12:06:59','2022-12-19 12:06:59'),(364,8974,'8974.jpg',1,1,'2022-12-19 12:06:59','2022-12-19 12:06:59'),(365,8973,'8973.jpg',1,1,'2022-12-19 12:06:59','2022-12-19 12:06:59'),(366,178545,'178545.jpg',1,1,'2022-12-19 12:06:59','2022-12-19 12:06:59'),(367,138105,'138105.jpg',1,1,'2022-12-19 12:06:59','2022-12-19 12:06:59'),(368,138109,'138109.jpg',1,1,'2022-12-19 12:06:59','2022-12-19 12:06:59'),(369,164227,'164227.jpg',1,1,'2022-12-19 12:06:59','2022-12-19 12:06:59'),(370,138101,'138101.jpg',1,1,'2022-12-19 12:06:59','2022-12-19 12:06:59'),(371,175217,'175217.jpg',1,1,'2022-12-19 12:06:59','2022-12-19 12:06:59'),(372,175214,'175214.jpg',1,1,'2022-12-19 12:06:59','2022-12-19 12:06:59'),(373,164226,'164226.jpg',1,1,'2022-12-19 12:06:59','2022-12-19 12:06:59'),(374,164229,'164229.jpg',1,1,'2022-12-19 12:06:59','2022-12-19 12:06:59'),(375,164233,'164233.jpg',1,1,'2022-12-19 12:06:59','2022-12-19 12:06:59'),(376,175215,'175215.jpg',1,1,'2022-12-19 12:06:59','2022-12-19 12:06:59'),(377,165332,'165332.jpg',1,1,'2022-12-19 12:06:59','2022-12-19 12:06:59'),(378,175046,'175046.jpg',1,1,'2022-12-19 12:06:59','2022-12-19 12:06:59'),(379,175045,'175045.jpg',1,1,'2022-12-19 12:06:59','2022-12-19 12:06:59'),(380,170825,'170825.jpg',1,1,'2022-12-19 12:06:59','2022-12-19 12:06:59'),(381,170827,'170827.jpg',1,1,'2022-12-19 12:06:59','2022-12-19 12:06:59'),(382,170826,'170826.jpg',1,1,'2022-12-19 12:06:59','2022-12-19 12:06:59'),(383,170829,'170829.jpg',1,1,'2022-12-19 12:06:59','2022-12-19 12:06:59'),(384,170831,'170831.jpg',1,1,'2022-12-19 12:06:59','2022-12-19 12:06:59'),(385,170830,'170830.jpg',1,1,'2022-12-19 12:06:59','2022-12-19 12:06:59'),(386,170298,'170298.jpg',1,1,'2022-12-19 12:06:59','2022-12-19 12:06:59'),(387,170297,'170297.jpg',1,1,'2022-12-19 12:06:59','2022-12-19 12:06:59'),(388,170821,'170821.jpg',1,1,'2022-12-19 12:06:59','2022-12-19 12:06:59'),(389,170822,'170822.jpg',1,1,'2022-12-19 12:06:59','2022-12-19 12:06:59'),(390,170823,'170823.jpg',1,1,'2022-12-19 12:06:59','2022-12-19 12:06:59'),(391,85476,'85476.jpg',1,1,'2022-12-19 12:06:59','2022-12-19 12:06:59'),(392,68906,'68906.jpg',1,1,'2022-12-19 12:06:59','2022-12-19 12:06:59'),(393,10603,'10603.jpg',1,1,'2022-12-19 12:06:59','2022-12-19 12:06:59'),(394,2238,'2238.jpg',1,1,'2022-12-19 12:06:59','2022-12-19 12:06:59'),(395,72519,'72519.jpg',1,1,'2022-12-19 12:06:59','2022-12-19 12:06:59'),(396,163103,'163103.jpg',1,1,'2022-12-19 12:06:59','2022-12-19 12:06:59'),(397,163104,'163104.jpg',1,1,'2022-12-19 12:06:59','2022-12-19 12:06:59'),(398,120033,'120033.jpg',1,1,'2022-12-19 12:06:59','2022-12-19 12:06:59'),(399,114410,'114410.jpg',1,1,'2022-12-19 12:06:59','2022-12-19 12:06:59'),(400,170196,'170196.jpg',1,1,'2022-12-19 12:06:59','2022-12-19 12:06:59'),(401,170200,'170200.jpg',1,1,'2022-12-19 12:06:59','2022-12-19 12:06:59'),(402,170202,'170202.jpg',1,1,'2022-12-19 12:06:59','2022-12-19 12:06:59'),(403,170201,'170201.jpg',1,1,'2022-12-19 12:06:59','2022-12-19 12:06:59'),(404,170205,'170205.jpg',1,1,'2022-12-19 12:06:59','2022-12-19 12:06:59'),(405,170203,'170203.jpg',1,1,'2022-12-19 12:06:59','2022-12-19 12:06:59'),(406,12054,'12054.jpg',1,1,'2022-12-19 12:06:59','2022-12-19 12:06:59'),(407,122453,'122453.jpg',1,1,'2022-12-19 12:06:59','2022-12-19 12:06:59'),(408,51427,'51427.jpg',1,1,'2022-12-19 12:06:59','2022-12-19 12:06:59'),(409,2252,'2252.jpg',1,1,'2022-12-19 12:06:59','2022-12-19 12:06:59'),(410,25503,'25503.jpg',1,1,'2022-12-19 12:06:59','2022-12-19 12:06:59'),(411,1048,'1048.jpg',1,1,'2022-12-19 12:06:59','2022-12-19 12:06:59'),(412,28278,'28278.jpg',1,1,'2022-12-19 12:06:59','2022-12-19 12:06:59'),(413,23772,'23772.jpg',1,1,'2022-12-19 12:06:59','2022-12-19 12:06:59'),(414,89114,'89114.jpg',1,1,'2022-12-19 12:06:59','2022-12-19 12:06:59'),(415,44026,'44026.jpg',1,1,'2022-12-19 12:06:59','2022-12-19 12:06:59'),(416,107057,'107057.jpg',1,1,'2022-12-19 12:06:59','2022-12-19 12:06:59'),(417,151171,'151171.jpg',1,1,'2022-12-19 12:06:59','2022-12-19 12:06:59'),(418,19453,'19453.jpg',1,1,'2022-12-19 12:06:59','2022-12-19 12:06:59'),(419,142815,'142815.jpg',1,1,'2022-12-19 12:06:59','2022-12-19 12:06:59'),(420,142816,'142816.jpg',1,1,'2022-12-19 12:06:59','2022-12-19 12:06:59'),(421,170556,'170556.jpg',1,1,'2022-12-19 12:06:59','2022-12-19 12:06:59'),(422,151172,'151172.jpg',1,1,'2022-12-19 12:06:59','2022-12-19 12:06:59'),(423,9560,'9560.jpg',1,1,'2022-12-19 12:06:59','2022-12-19 12:06:59'),(424,2201,'2201.jpg',1,1,'2022-12-19 12:06:59','2022-12-19 12:06:59'),(425,10339,'10339.jpg',1,1,'2022-12-19 12:06:59','2022-12-19 12:06:59'),(426,122459,'122459.jpg',1,1,'2022-12-19 12:06:59','2022-12-19 12:06:59'),(427,151174,'151174.jpg',1,1,'2022-12-19 12:06:59','2022-12-19 12:06:59'),(428,9557,'9557.jpg',1,1,'2022-12-19 12:06:59','2022-12-19 12:06:59'),(429,170551,'170551.jpg',1,1,'2022-12-19 12:06:59','2022-12-19 12:06:59'),(430,170552,'170552.jpg',1,1,'2022-12-19 12:06:59','2022-12-19 12:06:59'),(431,10570,'10570.jpg',1,1,'2022-12-19 12:06:59','2022-12-19 12:06:59'),(432,9553,'9553.jpg',1,1,'2022-12-19 12:06:59','2022-12-19 12:06:59'),(433,2353,'2353.jpg',1,1,'2022-12-19 12:06:59','2022-12-19 12:06:59'),(434,169254,'169254.jpg',1,1,'2022-12-19 12:06:59','2022-12-19 12:06:59'),(435,169255,'169255.jpg',1,1,'2022-12-19 12:06:59','2022-12-19 12:06:59'),(436,2235,'2235.jpg',1,1,'2022-12-19 12:06:59','2022-12-19 12:06:59'),(437,118399,'118399.jpg',1,1,'2022-12-19 12:06:59','2022-12-19 12:06:59'),(438,118418,'118418.jpg',1,1,'2022-12-19 12:06:59','2022-12-19 12:06:59'),(439,118437,'118437.jpg',1,1,'2022-12-19 12:06:59','2022-12-19 12:06:59'),(440,118412,'118412.jpg',1,1,'2022-12-19 12:06:59','2022-12-19 12:06:59'),(441,116125,'116125.jpg',1,1,'2022-12-19 12:06:59','2022-12-19 12:06:59'),(442,103941,'103941.jpg',1,1,'2022-12-19 12:06:59','2022-12-19 12:06:59'),(443,44732,'44732.jpg',1,1,'2022-12-19 12:06:59','2022-12-19 12:06:59'),(444,44735,'44735.jpg',1,1,'2022-12-19 12:06:59','2022-12-19 12:06:59'),(445,53502,'53502.jpg',1,1,'2022-12-19 12:06:59','2022-12-19 12:06:59'),(446,61678,'61678.jpg',1,1,'2022-12-19 12:06:59','2022-12-19 12:06:59'),(447,1003,'1003.jpg',1,1,'2022-12-19 12:06:59','2022-12-19 12:06:59'),(448,2203,'2203.jpg',1,1,'2022-12-19 12:06:59','2022-12-19 12:06:59'),(449,2205,'2205.jpg',1,1,'2022-12-19 12:06:59','2022-12-19 12:06:59'),(450,1050,'1050.jpg',1,1,'2022-12-19 12:06:59','2022-12-19 12:06:59'),(451,1046,'1046.jpg',1,1,'2022-12-19 12:06:59','2022-12-19 12:06:59'),(452,9559,'9559.jpg',1,1,'2022-12-19 12:06:59','2022-12-19 12:06:59'),(453,1000,'1000.jpg',1,1,'2022-12-19 12:06:59','2022-12-19 12:06:59'),(454,2189,'2189.jpg',1,1,'2022-12-19 12:06:59','2022-12-19 12:06:59'),(455,2231,'2231.jpg',1,1,'2022-12-19 12:06:59','2022-12-19 12:06:59'),(456,23539,'23539.jpg',1,1,'2022-12-19 12:06:59','2022-12-19 12:06:59'),(457,2188,'2188.jpg',1,1,'2022-12-19 12:06:59','2022-12-19 12:06:59'),(458,62026,'62026.jpg',1,1,'2022-12-19 12:06:59','2022-12-19 12:06:59'),(459,73111,'73111.jpg',1,1,'2022-12-19 12:06:59','2022-12-19 12:06:59'),(460,73112,'73112.jpg',1,1,'2022-12-19 12:06:59','2022-12-19 12:06:59'),(461,172945,'172945.jpg',1,1,'2022-12-19 12:06:59','2022-12-19 12:06:59'),(462,96535,'96535.jpg',1,1,'2022-12-19 12:06:59','2022-12-19 12:06:59'),(463,99521,'99521.jpg',1,1,'2022-12-19 12:06:59','2022-12-19 12:06:59'),(464,112190,'112190.jpg',1,1,'2022-12-19 12:06:59','2022-12-19 12:06:59'),(465,91311,'91311.jpg',1,1,'2022-12-19 12:06:59','2022-12-19 12:06:59'),(466,61361,'61361.jpg',1,1,'2022-12-19 12:06:59','2022-12-19 12:06:59'),(467,19458,'19458.jpg',1,1,'2022-12-19 12:06:59','2022-12-19 12:06:59'),(468,103915,'103915.jpg',1,1,'2022-12-19 12:06:59','2022-12-19 12:06:59'),(469,49161,'49161.jpg',1,1,'2022-12-19 12:06:59','2022-12-19 12:06:59'),(470,19454,'19454.jpg',1,1,'2022-12-19 12:07:00','2022-12-19 12:07:00'),(471,76214,'76214.jpg',1,1,'2022-12-19 12:07:00','2022-12-19 12:07:00'),(472,81373,'81373.jpg',1,1,'2022-12-19 12:07:00','2022-12-19 12:07:00'),(473,83244,'83244.jpg',1,1,'2022-12-19 12:07:00','2022-12-19 12:07:00'),(474,112086,'112086.jpg',1,1,'2022-12-19 12:07:00','2022-12-19 12:07:00'),(475,124024,'124024.jpg',1,1,'2022-12-19 12:07:00','2022-12-19 12:07:00'),(476,73545,'73545.jpg',1,1,'2022-12-19 12:07:00','2022-12-19 12:07:00'),(477,44270,'44270.jpg',1,1,'2022-12-19 12:07:00','2022-12-19 12:07:00'),(478,110656,'110656.jpg',1,1,'2022-12-19 12:07:00','2022-12-19 12:07:00'),(479,46732,'46732.jpg',1,1,'2022-12-19 12:07:00','2022-12-19 12:07:00'),(480,102747,'102747.jpg',1,1,'2022-12-19 12:07:00','2022-12-19 12:07:00'),(481,170558,'170558.jpg',1,1,'2022-12-19 12:07:00','2022-12-19 12:07:00'),(482,170565,'170565.jpg',1,1,'2022-12-19 12:07:00','2022-12-19 12:07:00'),(483,151168,'151168.jpg',1,1,'2022-12-19 12:07:00','2022-12-19 12:07:00'),(484,130160,'130160.jpg',1,1,'2022-12-19 12:07:00','2022-12-19 12:07:00'),(485,156319,'156319.jpg',1,1,'2022-12-19 12:07:00','2022-12-19 12:07:00'),(486,40979,'40979.jpg',1,1,'2022-12-19 12:07:00','2022-12-19 12:07:00'),(487,42586,'42586.jpg',1,1,'2022-12-19 12:07:00','2022-12-19 12:07:00'),(488,5999,'5999.jpg',1,1,'2022-12-19 12:07:00','2022-12-19 12:07:00'),(489,2184,'2184.jpg',1,1,'2022-12-19 12:07:00','2022-12-19 12:07:00'),(490,2185,'2185.jpg',1,1,'2022-12-19 12:07:00','2022-12-19 12:07:00'),(491,2236,'2236.jpg',1,1,'2022-12-19 12:07:00','2022-12-19 12:07:00'),(492,2226,'2226.jpg',1,1,'2022-12-19 12:07:00','2022-12-19 12:07:00'),(493,166663,'166663.jpg',1,1,'2022-12-19 12:07:00','2022-12-19 12:07:00'),(494,2227,'2227.jpg',1,1,'2022-12-19 12:07:00','2022-12-19 12:07:00'),(495,2233,'2233.jpg',1,1,'2022-12-19 12:07:00','2022-12-19 12:07:00'),(496,9558,'9558.jpg',1,1,'2022-12-19 12:07:00','2022-12-19 12:07:00'),(497,170548,'170548.jpg',1,1,'2022-12-19 12:07:00','2022-12-19 12:07:00'),(498,170554,'170554.jpg',1,1,'2022-12-19 12:07:00','2022-12-19 12:07:00'),(499,167039,'167039.jpg',1,1,'2022-12-19 12:07:00','2022-12-19 12:07:00'),(500,61366,'61366.jpg',1,1,'2022-12-19 12:07:00','2022-12-19 12:07:00'),(501,68908,'68908.jpg',1,1,'2022-12-19 12:07:00','2022-12-19 12:07:00'),(502,68909,'68909.jpg',1,1,'2022-12-19 12:07:00','2022-12-19 12:07:00'),(503,34497,'34497.jpg',1,1,'2022-12-19 12:07:00','2022-12-19 12:07:00'),(504,28139,'28139.jpg',1,1,'2022-12-19 12:07:00','2022-12-19 12:07:00'),(505,7265,'7265.jpg',1,1,'2022-12-19 12:07:00','2022-12-19 12:07:00'),(506,34492,'34492.jpg',1,1,'2022-12-19 12:07:00','2022-12-19 12:07:00'),(507,7266,'7266.jpg',1,1,'2022-12-19 12:07:00','2022-12-19 12:07:00'),(508,17177,'17177.jpg',1,1,'2022-12-19 12:07:00','2022-12-19 12:07:00'),(509,66594,'66594.jpg',1,1,'2022-12-19 12:07:00','2022-12-19 12:07:00'),(510,19452,'19452.jpg',1,1,'2022-12-19 12:07:00','2022-12-19 12:07:00'),(511,107221,'107221.jpg',1,1,'2022-12-19 12:07:00','2022-12-19 12:07:00'),(512,107222,'107222.jpg',1,1,'2022-12-19 12:07:00','2022-12-19 12:07:00'),(513,8578,'8578.jpg',1,1,'2022-12-19 12:07:00','2022-12-19 12:07:00'),(514,2273,'2273.jpg',1,1,'2022-12-19 12:07:00','2022-12-19 12:07:00'),(515,5750,'5750.jpg',1,1,'2022-12-19 12:07:00','2022-12-19 12:07:00'),(516,107219,'107219.jpg',1,1,'2022-12-19 12:07:00','2022-12-19 12:07:00'),(517,121315,'121315.jpg',1,1,'2022-12-19 12:07:00','2022-12-19 12:07:00'),(518,1567,'1567.jpg',1,1,'2022-12-19 12:07:00','2022-12-19 12:07:00'),(519,46737,'46737.jpg',1,1,'2022-12-19 12:07:00','2022-12-19 12:07:00'),(520,1568,'1568.jpg',1,1,'2022-12-19 12:07:00','2022-12-19 12:07:00'),(521,170109,'170109.jpg',1,1,'2022-12-19 12:07:00','2022-12-19 12:07:00'),(522,118470,'118470.jpg',1,1,'2022-12-19 12:07:00','2022-12-19 12:07:00'),(523,118480,'118480.jpg',1,1,'2022-12-19 12:07:00','2022-12-19 12:07:00'),(524,103945,'103945.jpg',1,1,'2022-12-19 12:07:00','2022-12-19 12:07:00'),(525,44731,'44731.jpg',1,1,'2022-12-19 12:07:00','2022-12-19 12:07:00'),(526,44733,'44733.jpg',1,1,'2022-12-19 12:07:00','2022-12-19 12:07:00'),(527,118471,'118471.jpg',1,1,'2022-12-19 12:07:00','2022-12-19 12:07:00'),(528,46731,'46731.jpg',1,1,'2022-12-19 12:07:00','2022-12-19 12:07:00'),(529,24648,'24648.jpg',1,1,'2022-12-19 12:07:00','2022-12-19 12:07:00'),(530,9554,'9554.jpg',1,1,'2022-12-19 12:07:00','2022-12-19 12:07:00'),(531,9555,'9555.jpg',1,1,'2022-12-19 12:07:00','2022-12-19 12:07:00'),(532,112499,'112499.jpg',1,1,'2022-12-19 12:07:00','2022-12-19 12:07:00'),(533,122457,'122457.jpg',1,1,'2022-12-19 12:07:00','2022-12-19 12:07:00'),(534,91314,'91314.jpg',1,1,'2022-12-19 12:07:00','2022-12-19 12:07:00'),(535,46736,'46736.jpg',1,1,'2022-12-19 12:07:00','2022-12-19 12:07:00'),(536,127553,'127553.jpg',1,1,'2022-12-19 12:07:00','2022-12-19 12:07:00'),(537,127520,'127520.jpg',1,1,'2022-12-19 12:07:00','2022-12-19 12:07:00'),(538,160053,'160053.jpg',1,1,'2022-12-19 12:07:00','2022-12-19 12:07:00'),(539,160108,'160108.jpg',1,1,'2022-12-19 12:07:00','2022-12-19 12:07:00'),(540,127626,'127626.jpg',1,1,'2022-12-19 12:07:00','2022-12-19 12:07:00'),(541,127509,'127509.jpg',1,1,'2022-12-19 12:07:00','2022-12-19 12:07:00'),(542,127505,'127505.jpg',1,1,'2022-12-19 12:07:00','2022-12-19 12:07:00'),(543,173130,'173130.jpg',1,1,'2022-12-19 12:07:00','2022-12-19 12:07:00'),(544,127632,'127632.jpg',1,1,'2022-12-19 12:07:00','2022-12-19 12:07:00'),(545,127447,'127447.jpg',1,1,'2022-12-19 12:07:00','2022-12-19 12:07:00'),(546,127573,'127573.jpg',1,1,'2022-12-19 12:07:00','2022-12-19 12:07:00'),(547,127469,'127469.jpg',1,1,'2022-12-19 12:07:00','2022-12-19 12:07:00'),(548,170892,'170892.jpg',1,1,'2022-12-19 12:07:00','2022-12-19 12:07:00'),(549,127630,'127630.jpg',1,1,'2022-12-19 12:07:00','2022-12-19 12:07:00'),(550,127499,'127499.jpg',1,1,'2022-12-19 12:07:00','2022-12-19 12:07:00'),(551,127500,'127500.jpg',1,1,'2022-12-19 12:07:00','2022-12-19 12:07:00'),(552,127568,'127568.jpg',1,1,'2022-12-19 12:07:00','2022-12-19 12:07:00'),(553,127572,'127572.jpg',1,1,'2022-12-19 12:07:00','2022-12-19 12:07:00'),(554,127531,'127531.jpg',1,1,'2022-12-19 12:07:00','2022-12-19 12:07:00'),(555,127525,'127525.jpg',1,1,'2022-12-19 12:07:00','2022-12-19 12:07:00'),(556,127628,'127628.jpg',1,1,'2022-12-19 12:07:00','2022-12-19 12:07:00'),(557,127421,'127421.jpg',1,1,'2022-12-19 12:07:00','2022-12-19 12:07:00'),(558,127422,'127422.jpg',1,1,'2022-12-19 12:07:00','2022-12-19 12:07:00'),(559,127431,'127431.jpg',1,1,'2022-12-19 12:07:00','2022-12-19 12:07:00'),(560,127467,'127467.jpg',1,1,'2022-12-19 12:07:00','2022-12-19 12:07:00'),(561,127465,'127465.jpg',1,1,'2022-12-19 12:07:00','2022-12-19 12:07:00'),(562,168073,'168073.jpg',1,1,'2022-12-19 12:07:00','2022-12-19 12:07:00'),(563,127476,'127476.jpg',1,1,'2022-12-19 12:07:00','2022-12-19 12:07:00'),(564,127475,'127475.jpg',1,1,'2022-12-19 12:07:00','2022-12-19 12:07:00'),(565,160112,'160112.jpg',1,1,'2022-12-19 12:07:00','2022-12-19 12:07:00'),(566,170897,'170897.jpg',1,1,'2022-12-19 12:07:00','2022-12-19 12:07:00'),(567,99492,'99492.jpg',1,1,'2022-12-19 12:07:00','2022-12-19 12:07:00'),(568,83112,'83112.jpg',1,1,'2022-12-19 12:07:00','2022-12-19 12:07:00'),(569,166401,'166401.jpg',1,1,'2022-12-19 12:07:00','2022-12-19 12:07:00'),(570,166398,'166398.jpg',1,1,'2022-12-19 12:07:00','2022-12-19 12:07:00'),(571,166399,'166399.jpg',1,1,'2022-12-19 12:07:00','2022-12-19 12:07:00'),(572,124168,'124168.jpg',1,1,'2022-12-19 12:07:00','2022-12-19 12:07:00'),(573,166400,'166400.jpg',1,1,'2022-12-19 12:07:00','2022-12-19 12:07:00'),(574,124140,'124140.jpg',1,1,'2022-12-19 12:07:00','2022-12-19 12:07:00'),(575,144245,'144245.jpg',1,1,'2022-12-19 12:07:00','2022-12-19 12:07:00'),(576,166390,'166390.jpg',1,1,'2022-12-19 12:07:00','2022-12-19 12:07:00'),(577,166395,'166395.jpg',1,1,'2022-12-19 12:07:00','2022-12-19 12:07:00'),(578,170441,'170441.jpg',1,1,'2022-12-19 12:07:00','2022-12-19 12:07:00'),(579,166392,'166392.jpg',1,1,'2022-12-19 12:07:00','2022-12-19 12:07:00'),(580,124170,'124170.jpg',1,1,'2022-12-19 12:07:00','2022-12-19 12:07:00'),(581,124167,'124167.jpg',1,1,'2022-12-19 12:07:00','2022-12-19 12:07:00'),(582,124166,'124166.jpg',1,1,'2022-12-19 12:07:00','2022-12-19 12:07:00'),(583,124171,'124171.jpg',1,1,'2022-12-19 12:07:00','2022-12-19 12:07:00'),(584,159998,'159998.jpg',1,1,'2022-12-19 12:07:00','2022-12-19 12:07:00'),(585,124158,'124158.jpg',1,1,'2022-12-19 12:07:00','2022-12-19 12:07:00'),(586,124162,'124162.jpg',1,1,'2022-12-19 12:07:00','2022-12-19 12:07:00'),(587,164236,'164236.jpg',1,1,'2022-12-19 12:07:00','2022-12-19 12:07:00'),(588,164871,'164871.jpg',1,1,'2022-12-19 12:07:00','2022-12-19 12:07:00'),(589,164873,'164873.jpg',1,1,'2022-12-19 12:07:00','2022-12-19 12:07:00'),(590,164879,'164879.jpg',1,1,'2022-12-19 12:07:00','2022-12-19 12:07:00'),(591,26766,'26766.jpg',1,1,'2022-12-19 12:07:00','2022-12-19 12:07:00'),(592,2176,'2176.jpg',1,1,'2022-12-19 12:07:00','2022-12-19 12:07:00'),(593,66005,'66005.jpg',1,1,'2022-12-19 12:07:00','2022-12-19 12:07:00'),(594,10175,'10175.jpg',1,1,'2022-12-19 12:07:00','2022-12-19 12:07:00'),(595,173538,'173538.jpg',1,1,'2022-12-19 12:07:00','2022-12-19 12:07:00'),(596,5992,'5992.jpg',1,1,'2022-12-19 12:07:00','2022-12-19 12:07:00'),(597,2122,'2122.jpg',1,1,'2022-12-19 12:07:00','2022-12-19 12:07:00'),(598,71086,'71086.jpg',1,1,'2022-12-19 12:07:00','2022-12-19 12:07:00'),(599,5994,'5994.jpg',1,1,'2022-12-19 12:07:00','2022-12-19 12:07:00'),(600,2123,'2123.jpg',1,1,'2022-12-19 12:07:00','2022-12-19 12:07:00'),(601,69386,'69386.jpg',1,1,'2022-12-19 12:07:00','2022-12-19 12:07:00'),(602,53905,'53905.jpg',1,1,'2022-12-19 12:07:00','2022-12-19 12:07:00'),(603,24556,'24556.jpg',1,1,'2022-12-19 12:07:00','2022-12-19 12:07:00'),(604,69099,'69099.jpg',1,1,'2022-12-19 12:07:00','2022-12-19 12:07:00'),(605,69100,'69100.jpg',1,1,'2022-12-19 12:07:00','2022-12-19 12:07:00'),(606,69098,'69098.jpg',1,1,'2022-12-19 12:07:00','2022-12-19 12:07:00'),(607,53906,'53906.jpg',1,1,'2022-12-19 12:07:00','2022-12-19 12:07:00'),(608,24555,'24555.jpg',1,1,'2022-12-19 12:07:00','2022-12-19 12:07:00'),(609,78582,'78582.jpg',1,1,'2022-12-19 12:07:00','2022-12-19 12:07:00'),(610,53903,'53903.jpg',1,1,'2022-12-19 12:07:00','2022-12-19 12:07:00'),(611,90891,'90891.jpg',1,1,'2022-12-19 12:07:00','2022-12-19 12:07:00'),(612,59693,'59693.jpg',1,1,'2022-12-19 12:07:00','2022-12-19 12:07:00'),(613,10089,'10089.jpg',1,1,'2022-12-19 12:07:00','2022-12-19 12:07:00'),(614,68778,'68778.jpg',1,1,'2022-12-19 12:07:00','2022-12-19 12:07:00'),(615,10094,'10094.jpg',1,1,'2022-12-19 12:07:00','2022-12-19 12:07:00'),(616,2174,'2174.jpg',1,1,'2022-12-19 12:07:00','2022-12-19 12:07:00'),(617,17305,'17305.jpg',1,1,'2022-12-19 12:07:00','2022-12-19 12:07:00'),(618,1039,'1039.jpg',1,1,'2022-12-19 12:07:00','2022-12-19 12:07:00'),(619,1038,'1038.jpg',1,1,'2022-12-19 12:07:00','2022-12-19 12:07:00'),(620,31471,'31471.jpg',1,1,'2022-12-19 12:07:00','2022-12-19 12:07:00'),(621,25002,'25002.jpg',1,1,'2022-12-19 12:07:00','2022-12-19 12:07:00'),(622,1036,'1036.jpg',1,1,'2022-12-19 12:07:00','2022-12-19 12:07:00'),(623,19103,'19103.jpg',1,1,'2022-12-19 12:07:00','2022-12-19 12:07:00'),(624,54330,'54330.jpg',1,1,'2022-12-19 12:07:00','2022-12-19 12:07:00'),(625,5969,'5969.jpg',1,1,'2022-12-19 12:07:00','2022-12-19 12:07:00'),(626,1035,'1035.jpg',1,1,'2022-12-19 12:07:00','2022-12-19 12:07:00'),(627,50288,'50288.jpg',1,1,'2022-12-19 12:07:00','2022-12-19 12:07:00'),(628,5970,'5970.jpg',1,1,'2022-12-19 12:07:00','2022-12-19 12:07:00'),(629,8861,'8861.jpg',1,1,'2022-12-19 12:07:00','2022-12-19 12:07:00'),(630,27970,'27970.jpg',1,1,'2022-12-19 12:07:00','2022-12-19 12:07:00'),(631,95281,'95281.jpg',1,1,'2022-12-19 12:07:00','2022-12-19 12:07:00'),(632,36924,'36924.jpg',1,1,'2022-12-19 12:07:00','2022-12-19 12:07:00'),(633,2220,'2220.jpg',1,1,'2022-12-19 12:07:00','2022-12-19 12:07:00'),(634,2219,'2219.jpg',1,1,'2022-12-19 12:07:00','2022-12-19 12:07:00'),(635,10176,'10176.jpg',1,1,'2022-12-19 12:07:00','2022-12-19 12:07:00'),(636,2177,'2177.jpg',1,1,'2022-12-19 12:07:00','2022-12-19 12:07:00'),(637,8375,'8375.jpg',1,1,'2022-12-19 12:07:00','2022-12-19 12:07:00'),(638,53902,'53902.jpg',1,1,'2022-12-19 12:07:00','2022-12-19 12:07:00'),(639,66056,'66056.jpg',1,1,'2022-12-19 12:07:00','2022-12-19 12:07:00'),(640,23827,'23827.jpg',1,1,'2022-12-19 12:07:00','2022-12-19 12:07:00'),(641,1053,'1053.jpg',1,1,'2022-12-19 12:07:00','2022-12-19 12:07:00'),(642,1021,'1021.jpg',1,1,'2022-12-19 12:07:00','2022-12-19 12:07:00'),(643,46290,'46290.jpg',1,1,'2022-12-19 12:07:00','2022-12-19 12:07:00'),(644,176168,'176168.jpg',1,1,'2022-12-19 12:07:00','2022-12-19 12:07:00'),(645,178245,'178245.jpg',1,1,'2022-12-19 12:07:00','2022-12-19 12:07:00'),(646,178246,'178246.jpg',1,1,'2022-12-19 12:07:00','2022-12-19 12:07:00'),(647,176676,'176676.jpg',1,1,'2022-12-19 12:07:00','2022-12-19 12:07:00'),(648,178242,'178242.jpg',1,1,'2022-12-19 12:07:00','2022-12-19 12:07:00'),(649,174161,'174161.jpg',1,1,'2022-12-19 12:07:00','2022-12-19 12:07:00'),(650,178261,'178261.jpg',1,1,'2022-12-19 12:07:00','2022-12-19 12:07:00'),(651,174172,'174172.jpg',1,1,'2022-12-19 12:07:00','2022-12-19 12:07:00'),(652,178247,'178247.jpg',1,1,'2022-12-19 12:07:00','2022-12-19 12:07:00'),(653,115997,'115997.jpg',1,1,'2022-12-19 12:07:00','2022-12-19 12:07:00'),(654,174154,'174154.jpg',1,1,'2022-12-19 12:07:00','2022-12-19 12:07:00'),(655,174189,'174189.jpg',1,1,'2022-12-19 12:07:01','2022-12-19 12:07:01'),(656,176181,'176181.jpg',1,1,'2022-12-19 12:07:01','2022-12-19 12:07:01'),(657,180363,'180363.jpg',1,1,'2022-12-19 12:07:01','2022-12-19 12:07:01'),(658,180364,'180364.jpg',1,1,'2022-12-19 12:07:01','2022-12-19 12:07:01'),(659,180365,'180365.jpg',1,1,'2022-12-19 12:07:01','2022-12-19 12:07:01'),(660,180366,'180366.jpg',1,1,'2022-12-19 12:07:01','2022-12-19 12:07:01'),(661,180367,'180367.jpg',1,1,'2022-12-19 12:07:01','2022-12-19 12:07:01'),(662,180369,'180369.jpg',1,1,'2022-12-19 12:07:01','2022-12-19 12:07:01'),(663,180370,'180370.jpg',1,1,'2022-12-19 12:07:01','2022-12-19 12:07:01'),(664,180371,'180371.jpg',1,1,'2022-12-19 12:07:01','2022-12-19 12:07:01'),(665,180372,'180372.jpg',1,1,'2022-12-19 12:07:01','2022-12-19 12:07:01'),(666,174243,'174243.jpg',1,1,'2022-12-19 12:07:01','2022-12-19 12:07:01'),(667,174238,'174238.jpg',1,1,'2022-12-19 12:07:01','2022-12-19 12:07:01'),(668,174247,'174247.jpg',1,1,'2022-12-19 12:07:01','2022-12-19 12:07:01'),(669,175043,'175043.jpg',1,1,'2022-12-19 12:07:01','2022-12-19 12:07:01'),(670,174242,'174242.jpg',1,1,'2022-12-19 12:07:01','2022-12-19 12:07:01'),(671,174231,'174231.jpg',1,1,'2022-12-19 12:07:01','2022-12-19 12:07:01'),(672,174252,'174252.jpg',1,1,'2022-12-19 12:07:01','2022-12-19 12:07:01'),(673,171132,'171132.jpg',1,1,'2022-12-19 12:07:01','2022-12-19 12:07:01'),(674,173460,'173460.jpg',1,1,'2022-12-19 12:07:01','2022-12-19 12:07:01'),(675,89615,'89615.jpg',1,1,'2022-12-19 12:07:01','2022-12-19 12:07:01'),(676,22480,'22480.jpg',1,1,'2022-12-19 12:07:01','2022-12-19 12:07:01'),(677,37587,'37587.jpg',1,1,'2022-12-19 12:07:01','2022-12-19 12:07:01'),(678,37589,'37589.jpg',1,1,'2022-12-19 12:07:01','2022-12-19 12:07:01'),(679,52076,'52076.jpg',1,1,'2022-12-19 12:07:01','2022-12-19 12:07:01'),(680,94190,'94190.jpg',1,1,'2022-12-19 12:07:01','2022-12-19 12:07:01'),(681,102859,'102859.jpg',1,1,'2022-12-19 12:07:01','2022-12-19 12:07:01'),(682,100945,'100945.jpg',1,1,'2022-12-19 12:07:01','2022-12-19 12:07:01'),(683,103423,'103423.jpg',1,1,'2022-12-19 12:07:01','2022-12-19 12:07:01'),(684,41308,'41308.jpg',1,1,'2022-12-19 12:07:01','2022-12-19 12:07:01'),(685,41307,'41307.jpg',1,1,'2022-12-19 12:07:01','2022-12-19 12:07:01'),(686,59899,'59899.jpg',1,1,'2022-12-19 12:07:01','2022-12-19 12:07:01'),(687,174648,'174648.jpg',1,1,'2022-12-19 12:07:01','2022-12-19 12:07:01'),(688,93328,'93328.jpg',1,1,'2022-12-19 12:07:01','2022-12-19 12:07:01'),(689,10117,'10117.jpg',1,1,'2022-12-19 12:07:01','2022-12-19 12:07:01'),(690,10116,'10116.jpg',1,1,'2022-12-19 12:07:01','2022-12-19 12:07:01'),(691,59900,'59900.jpg',1,1,'2022-12-19 12:07:01','2022-12-19 12:07:01'),(692,174649,'174649.jpg',1,1,'2022-12-19 12:07:01','2022-12-19 12:07:01'),(693,170313,'170313.jpg',1,1,'2022-12-19 12:07:01','2022-12-19 12:07:01'),(694,170315,'170315.jpg',1,1,'2022-12-19 12:07:01','2022-12-19 12:07:01'),(695,41306,'41306.jpg',1,1,'2022-12-19 12:07:01','2022-12-19 12:07:01'),(696,2168,'2168.jpg',1,1,'2022-12-19 12:07:01','2022-12-19 12:07:01'),(697,170316,'170316.jpg',1,1,'2022-12-19 12:07:01','2022-12-19 12:07:01'),(698,45191,'45191.jpg',1,1,'2022-12-19 12:07:01','2022-12-19 12:07:01'),(699,41309,'41309.jpg',1,1,'2022-12-19 12:07:01','2022-12-19 12:07:01'),(700,23144,'23144.jpg',1,1,'2022-12-19 12:07:01','2022-12-19 12:07:01'),(701,118864,'118864.jpg',1,1,'2022-12-19 12:07:01','2022-12-19 12:07:01'),(702,10115,'10115.jpg',1,1,'2022-12-19 12:07:01','2022-12-19 12:07:01'),(703,27599,'27599.jpg',1,1,'2022-12-19 12:07:01','2022-12-19 12:07:01'),(704,10118,'10118.jpg',1,1,'2022-12-19 12:07:01','2022-12-19 12:07:01'),(705,142087,'142087.jpg',1,1,'2022-12-19 12:07:01','2022-12-19 12:07:01'),(706,170314,'170314.jpg',1,1,'2022-12-19 12:07:01','2022-12-19 12:07:01'),(707,162755,'162755.jpg',1,1,'2022-12-19 12:07:01','2022-12-19 12:07:01'),(708,82827,'82827.jpg',1,1,'2022-12-19 12:07:01','2022-12-19 12:07:01'),(709,158024,'158024.jpg',1,1,'2022-12-19 12:07:01','2022-12-19 12:07:01'),(710,22463,'22463.jpg',1,1,'2022-12-19 12:07:01','2022-12-19 12:07:01'),(711,63011,'63011.jpg',1,1,'2022-12-19 12:07:01','2022-12-19 12:07:01'),(712,52075,'52075.jpg',1,1,'2022-12-19 12:07:01','2022-12-19 12:07:01'),(713,108245,'108245.jpg',1,1,'2022-12-19 12:07:01','2022-12-19 12:07:01'),(714,130147,'130147.jpg',1,1,'2022-12-19 12:07:01','2022-12-19 12:07:01'),(715,22464,'22464.jpg',1,1,'2022-12-19 12:07:01','2022-12-19 12:07:01'),(716,130148,'130148.jpg',1,1,'2022-12-19 12:07:01','2022-12-19 12:07:01'),(717,174329,'174329.jpg',1,1,'2022-12-19 12:07:01','2022-12-19 12:07:01'),(718,90902,'90902.jpg',1,1,'2022-12-19 12:07:01','2022-12-19 12:07:01'),(719,174328,'174328.jpg',1,1,'2022-12-19 12:07:01','2022-12-19 12:07:01'),(720,162756,'162756.jpg',1,1,'2022-12-19 12:07:01','2022-12-19 12:07:01'),(721,89609,'89609.jpg',1,1,'2022-12-19 12:07:01','2022-12-19 12:07:01'),(722,130146,'130146.jpg',1,1,'2022-12-19 12:07:01','2022-12-19 12:07:01'),(723,71406,'71406.jpg',1,1,'2022-12-19 12:07:01','2022-12-19 12:07:01'),(724,52074,'52074.jpg',1,1,'2022-12-19 12:07:01','2022-12-19 12:07:01'),(725,63014,'63014.jpg',1,1,'2022-12-19 12:07:01','2022-12-19 12:07:01'),(726,71403,'71403.jpg',1,1,'2022-12-19 12:07:01','2022-12-19 12:07:01'),(727,71404,'71404.jpg',1,1,'2022-12-19 12:07:01','2022-12-19 12:07:01'),(728,2145,'2145.jpg',1,1,'2022-12-19 12:07:01','2022-12-19 12:07:01'),(729,106083,'106083.jpg',1,1,'2022-12-19 12:07:01','2022-12-19 12:07:01'),(730,71405,'71405.jpg',1,1,'2022-12-19 12:07:01','2022-12-19 12:07:01'),(731,152895,'152895.jpg',1,1,'2022-12-19 12:07:01','2022-12-19 12:07:01'),(732,105642,'105642.jpg',1,1,'2022-12-19 12:07:01','2022-12-19 12:07:01'),(733,174646,'174646.jpg',1,1,'2022-12-19 12:07:01','2022-12-19 12:07:01'),(734,174647,'174647.jpg',1,1,'2022-12-19 12:07:01','2022-12-19 12:07:01'),(735,167038,'167038.jpg',1,1,'2022-12-19 12:07:01','2022-12-19 12:07:01'),(736,35792,'35792.jpg',1,1,'2022-12-19 12:07:01','2022-12-19 12:07:01'),(737,173308,'173308.jpg',1,1,'2022-12-19 12:07:01','2022-12-19 12:07:01'),(738,167037,'167037.jpg',1,1,'2022-12-19 12:07:01','2022-12-19 12:07:01'),(739,106085,'106085.jpg',1,1,'2022-12-19 12:07:01','2022-12-19 12:07:01'),(740,68302,'68302.jpg',1,1,'2022-12-19 12:07:01','2022-12-19 12:07:01'),(741,174225,'174225.jpg',1,1,'2022-12-19 12:07:01','2022-12-19 12:07:01'),(742,130152,'130152.jpg',1,1,'2022-12-19 12:07:01','2022-12-19 12:07:01'),(743,160028,'160028.jpg',1,1,'2022-12-19 12:07:01','2022-12-19 12:07:01'),(744,105645,'105645.jpg',1,1,'2022-12-19 12:07:01','2022-12-19 12:07:01'),(745,129904,'129904.jpg',1,1,'2022-12-19 12:07:01','2022-12-19 12:07:01'),(746,79602,'79602.jpg',1,1,'2022-12-19 12:07:01','2022-12-19 12:07:01'),(747,68293,'68293.jpg',1,1,'2022-12-19 12:07:01','2022-12-19 12:07:01'),(748,1013,'1013.jpg',1,1,'2022-12-19 12:07:01','2022-12-19 12:07:01'),(749,68298,'68298.jpg',1,1,'2022-12-19 12:07:01','2022-12-19 12:07:01'),(750,105644,'105644.jpg',1,1,'2022-12-19 12:07:01','2022-12-19 12:07:01'),(751,174796,'174796.jpg',1,1,'2022-12-19 12:07:01','2022-12-19 12:07:01'),(752,174798,'174798.jpg',1,1,'2022-12-19 12:07:01','2022-12-19 12:07:01'),(753,174799,'174799.jpg',1,1,'2022-12-19 12:07:01','2022-12-19 12:07:01'),(754,174801,'174801.jpg',1,1,'2022-12-19 12:07:01','2022-12-19 12:07:01'),(755,79601,'79601.jpg',1,1,'2022-12-19 12:07:01','2022-12-19 12:07:01'),(756,174800,'174800.jpg',1,1,'2022-12-19 12:07:01','2022-12-19 12:07:01'),(757,79607,'79607.jpg',1,1,'2022-12-19 12:07:01','2022-12-19 12:07:01'),(758,107462,'107462.jpg',1,1,'2022-12-19 12:07:01','2022-12-19 12:07:01'),(759,107465,'107465.jpg',1,1,'2022-12-19 12:07:01','2022-12-19 12:07:01'),(760,174226,'174226.jpg',1,1,'2022-12-19 12:07:01','2022-12-19 12:07:01'),(761,174227,'174227.jpg',1,1,'2022-12-19 12:07:01','2022-12-19 12:07:01'),(762,105643,'105643.jpg',1,1,'2022-12-19 12:07:01','2022-12-19 12:07:01'),(763,68300,'68300.jpg',1,1,'2022-12-19 12:07:01','2022-12-19 12:07:01'),(764,68304,'68304.jpg',1,1,'2022-12-19 12:07:01','2022-12-19 12:07:01'),(765,174797,'174797.jpg',1,1,'2022-12-19 12:07:01','2022-12-19 12:07:01'),(766,73936,'73936.jpg',1,1,'2022-12-19 12:07:01','2022-12-19 12:07:01'),(767,123397,'123397.jpg',1,1,'2022-12-19 12:07:01','2022-12-19 12:07:01'),(768,68584,'68584.jpg',1,1,'2022-12-19 12:07:01','2022-12-19 12:07:01'),(769,112082,'112082.jpg',1,1,'2022-12-19 12:07:01','2022-12-19 12:07:01'),(770,170576,'170576.jpg',1,1,'2022-12-19 12:07:01','2022-12-19 12:07:01'),(771,103942,'103942.jpg',1,1,'2022-12-19 12:07:01','2022-12-19 12:07:01'),(772,75360,'75360.jpg',1,1,'2022-12-19 12:07:01','2022-12-19 12:07:01'),(773,2198,'2198.jpg',1,1,'2022-12-19 12:07:01','2022-12-19 12:07:01'),(774,76211,'76211.jpg',1,1,'2022-12-19 12:07:01','2022-12-19 12:07:01'),(775,83242,'83242.jpg',1,1,'2022-12-19 12:07:01','2022-12-19 12:07:01'),(776,151169,'151169.jpg',1,1,'2022-12-19 12:07:01','2022-12-19 12:07:01'),(777,118987,'118987.jpg',1,1,'2022-12-19 12:07:01','2022-12-19 12:07:01'),(778,151170,'151170.jpg',1,1,'2022-12-19 12:07:01','2022-12-19 12:07:01'),(779,51071,'51071.jpg',1,1,'2022-12-19 12:07:01','2022-12-19 12:07:01'),(780,101159,'101159.jpg',1,1,'2022-12-19 12:07:01','2022-12-19 12:07:01'),(781,15940,'15940.jpg',1,1,'2022-12-19 12:07:01','2022-12-19 12:07:01'),(782,10788,'10788.jpg',1,1,'2022-12-19 12:07:01','2022-12-19 12:07:01'),(783,10790,'10790.jpg',1,1,'2022-12-19 12:07:01','2022-12-19 12:07:01'),(784,19459,'19459.jpg',1,1,'2022-12-19 12:07:01','2022-12-19 12:07:01'),(785,65013,'65013.jpg',1,1,'2022-12-19 12:07:01','2022-12-19 12:07:01'),(786,2272,'2272.jpg',1,1,'2022-12-19 12:07:01','2022-12-19 12:07:01'),(787,71075,'71075.jpg',1,1,'2022-12-19 12:07:01','2022-12-19 12:07:01'),(788,118488,'118488.jpg',1,1,'2022-12-19 12:07:01','2022-12-19 12:07:01'),(789,112996,'112996.jpg',1,1,'2022-12-19 12:07:01','2022-12-19 12:07:01'),(790,179706,'179706.jpg',1,1,'2022-12-19 12:07:01','2022-12-19 12:07:01'),(791,179704,'179704.jpg',1,1,'2022-12-19 12:07:01','2022-12-19 12:07:01'),(792,179699,'179699.jpg',1,1,'2022-12-19 12:07:01','2022-12-19 12:07:01'),(793,179701,'179701.jpg',1,1,'2022-12-19 12:07:01','2022-12-19 12:07:01'),(794,179707,'179707.jpg',1,1,'2022-12-19 12:07:01','2022-12-19 12:07:01'),(795,179700,'179700.jpg',1,1,'2022-12-19 12:07:01','2022-12-19 12:07:01'),(796,179708,'179708.jpg',1,1,'2022-12-19 12:07:01','2022-12-19 12:07:01'),(797,179705,'179705.jpg',1,1,'2022-12-19 12:07:01','2022-12-19 12:07:01'),(798,179702,'179702.jpg',1,1,'2022-12-19 12:07:01','2022-12-19 12:07:01'),(799,179713,'179713.jpg',1,1,'2022-12-19 12:07:01','2022-12-19 12:07:01'),(800,173327,'173327.jpg',1,1,'2022-12-19 12:07:01','2022-12-19 12:07:01'),(801,171304,'171304.jpg',1,1,'2022-12-19 12:07:01','2022-12-19 12:07:01'),(802,97642,'97642.jpg',1,1,'2022-12-19 12:07:01','2022-12-19 12:07:01'),(803,164542,'164542.jpg',1,1,'2022-12-19 12:07:01','2022-12-19 12:07:01'),(804,164541,'164541.jpg',1,1,'2022-12-19 12:07:01','2022-12-19 12:07:01'),(805,118145,'118145.jpg',1,1,'2022-12-19 12:07:01','2022-12-19 12:07:01'),(806,91079,'91079.jpg',1,1,'2022-12-19 12:07:01','2022-12-19 12:07:01'),(807,170927,'170927.jpg',1,1,'2022-12-19 12:07:01','2022-12-19 12:07:01'),(808,118794,'118794.jpg',1,1,'2022-12-19 12:07:01','2022-12-19 12:07:01'),(809,97643,'97643.jpg',1,1,'2022-12-19 12:07:01','2022-12-19 12:07:01'),(810,159451,'159451.jpg',1,1,'2022-12-19 12:07:01','2022-12-19 12:07:01'),(811,87961,'87961.jpg',1,1,'2022-12-19 12:07:01','2022-12-19 12:07:01'),(812,164537,'164537.jpg',1,1,'2022-12-19 12:07:01','2022-12-19 12:07:01'),(813,164538,'164538.jpg',1,1,'2022-12-19 12:07:01','2022-12-19 12:07:01'),(814,164539,'164539.jpg',1,1,'2022-12-19 12:07:01','2022-12-19 12:07:01'),(815,164540,'164540.jpg',1,1,'2022-12-19 12:07:01','2022-12-19 12:07:01'),(816,179569,'179569.jpg',1,1,'2022-12-19 12:07:01','2022-12-19 12:07:01'),(817,162139,'162139.jpg',1,1,'2022-12-19 12:07:01','2022-12-19 12:07:01'),(818,179568,'179568.jpg',1,1,'2022-12-19 12:07:01','2022-12-19 12:07:01'),(819,151752,'151752.jpg',1,1,'2022-12-19 12:07:01','2022-12-19 12:07:01'),(820,179621,'179621.jpg',1,1,'2022-12-19 12:07:01','2022-12-19 12:07:01'),(821,179622,'179622.jpg',1,1,'2022-12-19 12:07:01','2022-12-19 12:07:01'),(822,123715,'123715.jpg',1,1,'2022-12-19 12:07:02','2022-12-19 12:07:02'),(823,123722,'123722.jpg',1,1,'2022-12-19 12:07:02','2022-12-19 12:07:02'),(824,123684,'123684.jpg',1,1,'2022-12-19 12:07:02','2022-12-19 12:07:02'),(825,173226,'173226.jpg',1,1,'2022-12-19 12:07:02','2022-12-19 12:07:02'),(826,123732,'123732.jpg',1,1,'2022-12-19 12:07:02','2022-12-19 12:07:02'),(827,123738,'123738.jpg',1,1,'2022-12-19 12:07:02','2022-12-19 12:07:02'),(828,123731,'123731.jpg',1,1,'2022-12-19 12:07:02','2022-12-19 12:07:02'),(829,123718,'123718.jpg',1,1,'2022-12-19 12:07:02','2022-12-19 12:07:02'),(830,123690,'123690.jpg',1,1,'2022-12-19 12:07:02','2022-12-19 12:07:02'),(831,170698,'170698.jpg',1,1,'2022-12-19 12:07:02','2022-12-19 12:07:02'),(832,91370,'91370.jpg',1,1,'2022-12-19 12:07:02','2022-12-19 12:07:02'),(833,174726,'174726.jpg',1,1,'2022-12-19 12:07:02','2022-12-19 12:07:02'),(834,143258,'143258.jpg',1,1,'2022-12-19 12:07:02','2022-12-19 12:07:02'),(835,166139,'166139.jpg',1,1,'2022-12-19 12:07:02','2022-12-19 12:07:02'),(836,175380,'175380.jpg',1,1,'2022-12-19 12:07:02','2022-12-19 12:07:02'),(837,42061,'42061.jpg',1,1,'2022-12-19 12:07:02','2022-12-19 12:07:02'),(838,110113,'110113.jpg',1,1,'2022-12-19 12:07:02','2022-12-19 12:07:02'),(839,110112,'110112.jpg',1,1,'2022-12-19 12:07:02','2022-12-19 12:07:02'),(840,170318,'170318.jpg',1,1,'2022-12-19 12:07:02','2022-12-19 12:07:02'),(841,178176,'178176.jpg',1,1,'2022-12-19 12:07:02','2022-12-19 12:07:02'),(842,69131,'69131.jpg',1,1,'2022-12-19 12:07:02','2022-12-19 12:07:02'),(843,69130,'69130.jpg',1,1,'2022-12-19 12:07:02','2022-12-19 12:07:02'),(844,69139,'69139.jpg',1,1,'2022-12-19 12:07:02','2022-12-19 12:07:02'),(845,69138,'69138.jpg',1,1,'2022-12-19 12:07:02','2022-12-19 12:07:02'),(846,170880,'170880.jpg',1,1,'2022-12-19 12:07:02','2022-12-19 12:07:02'),(847,94061,'94061.jpg',1,1,'2022-12-19 12:07:02','2022-12-19 12:07:02'),(848,115706,'115706.jpg',1,1,'2022-12-19 12:07:02','2022-12-19 12:07:02'),(849,165320,'165320.jpg',1,1,'2022-12-19 12:07:02','2022-12-19 12:07:02'),(850,165319,'165319.jpg',1,1,'2022-12-19 12:07:02','2022-12-19 12:07:02'),(851,156778,'156778.jpg',1,1,'2022-12-19 12:07:02','2022-12-19 12:07:02'),(852,133399,'133399.jpg',1,1,'2022-12-19 12:07:02','2022-12-19 12:07:02'),(853,175880,'175880.jpg',1,1,'2022-12-19 12:07:02','2022-12-19 12:07:02'),(854,174322,'174322.jpg',1,1,'2022-12-19 12:07:02','2022-12-19 12:07:02'),(855,173395,'173395.jpg',1,1,'2022-12-19 12:07:02','2022-12-19 12:07:02'),(856,173391,'173391.jpg',1,1,'2022-12-19 12:07:02','2022-12-19 12:07:02'),(857,173225,'173225.jpg',1,1,'2022-12-19 12:07:02','2022-12-19 12:07:02'),(858,165310,'165310.jpg',1,1,'2022-12-19 12:07:02','2022-12-19 12:07:02'),(859,171609,'171609.jpg',1,1,'2022-12-19 12:07:02','2022-12-19 12:07:02'),(860,180018,'180018.jpg',1,1,'2022-12-19 12:07:02','2022-12-19 12:07:02'),(861,180021,'180021.jpg',1,1,'2022-12-19 12:07:02','2022-12-19 12:07:02'),(862,34131,'34131.jpg',1,1,'2022-12-19 12:07:02','2022-12-19 12:07:02'),(863,180015,'180015.jpg',1,1,'2022-12-19 12:07:02','2022-12-19 12:07:02'),(864,180017,'180017.jpg',1,1,'2022-12-19 12:07:02','2022-12-19 12:07:02'),(865,130031,'130031.jpg',1,1,'2022-12-19 12:07:02','2022-12-19 12:07:02'),(866,130030,'130030.jpg',1,1,'2022-12-19 12:07:02','2022-12-19 12:07:02'),(867,153205,'153205.jpg',1,1,'2022-12-19 12:07:02','2022-12-19 12:07:02'),(868,105678,'105678.jpg',1,1,'2022-12-19 12:07:02','2022-12-19 12:07:02'),(869,179290,'179290.jpg',1,1,'2022-12-19 12:07:02','2022-12-19 12:07:02'),(870,178599,'178599.jpg',1,1,'2022-12-19 12:07:02','2022-12-19 12:07:02'),(871,70804,'70804.jpg',1,1,'2022-12-19 12:07:02','2022-12-19 12:07:02'),(872,70805,'70805.jpg',1,1,'2022-12-19 12:07:02','2022-12-19 12:07:02'),(873,70813,'70813.jpg',1,1,'2022-12-19 12:07:02','2022-12-19 12:07:02'),(874,70812,'70812.jpg',1,1,'2022-12-19 12:07:02','2022-12-19 12:07:02'),(875,176544,'176544.jpg',1,1,'2022-12-19 12:07:02','2022-12-19 12:07:02'),(876,176541,'176541.jpg',1,1,'2022-12-19 12:07:02','2022-12-19 12:07:02'),(877,169506,'169506.jpg',1,1,'2022-12-19 12:07:02','2022-12-19 12:07:02'),(878,169505,'169505.jpg',1,1,'2022-12-19 12:07:02','2022-12-19 12:07:02'),(879,175796,'175796.jpg',1,1,'2022-12-19 12:07:02','2022-12-19 12:07:02'),(880,108539,'108539.jpg',1,1,'2022-12-19 12:07:02','2022-12-19 12:07:02'),(881,127584,'127584.jpg',1,1,'2022-12-19 12:07:02','2022-12-19 12:07:02'),(882,124172,'124172.jpg',1,1,'2022-12-19 12:07:02','2022-12-19 12:07:02'),(883,170447,'170447.jpg',1,1,'2022-12-19 12:07:02','2022-12-19 12:07:02'),(884,124177,'124177.jpg',1,1,'2022-12-19 12:07:02','2022-12-19 12:07:02'),(885,170445,'170445.jpg',1,1,'2022-12-19 12:07:02','2022-12-19 12:07:02'),(886,124198,'124198.jpg',1,1,'2022-12-19 12:07:02','2022-12-19 12:07:02'),(887,124199,'124199.jpg',1,1,'2022-12-19 12:07:02','2022-12-19 12:07:02'),(888,124197,'124197.jpg',1,1,'2022-12-19 12:07:02','2022-12-19 12:07:02'),(889,124200,'124200.jpg',1,1,'2022-12-19 12:07:02','2022-12-19 12:07:02'),(890,160000,'160000.jpg',1,1,'2022-12-19 12:07:02','2022-12-19 12:07:02'),(891,170446,'170446.jpg',1,1,'2022-12-19 12:07:02','2022-12-19 12:07:02'),(892,175208,'175208.jpg',1,1,'2022-12-19 12:07:02','2022-12-19 12:07:02'),(893,124179,'124179.jpg',1,1,'2022-12-19 12:07:02','2022-12-19 12:07:02'),(894,178357,'178357.jpg',1,1,'2022-12-19 12:07:02','2022-12-19 12:07:02'),(895,80717,'80717.jpg',1,1,'2022-12-19 12:07:02','2022-12-19 12:07:02'),(896,105007,'105007.jpg',1,1,'2022-12-19 12:07:02','2022-12-19 12:07:02'),(897,176552,'176552.jpg',1,1,'2022-12-19 12:07:02','2022-12-19 12:07:02'),(898,176550,'176550.jpg',1,1,'2022-12-19 12:07:02','2022-12-19 12:07:02'),(899,82057,'82057.jpg',1,1,'2022-12-19 12:07:02','2022-12-19 12:07:02'),(900,60769,'60769.jpg',1,1,'2022-12-19 12:07:02','2022-12-19 12:07:02'),(901,72515,'72515.jpg',1,1,'2022-12-19 12:07:02','2022-12-19 12:07:02'),(902,95286,'95286.jpg',1,1,'2022-12-19 12:07:02','2022-12-19 12:07:02'),(903,138117,'138117.jpg',1,1,'2022-12-19 12:07:02','2022-12-19 12:07:02'),(904,175220,'175220.jpg',1,1,'2022-12-19 12:07:02','2022-12-19 12:07:02'),(905,177840,'177840.jpg',1,1,'2022-12-19 12:07:02','2022-12-19 12:07:02'),(906,170334,'170334.jpg',1,1,'2022-12-19 12:07:02','2022-12-19 12:07:02'),(907,166827,'166827.jpg',1,1,'2022-12-19 12:07:02','2022-12-19 12:07:02'),(908,170350,'170350.jpg',1,1,'2022-12-19 12:07:02','2022-12-19 12:07:02'),(909,170349,'170349.jpg',1,1,'2022-12-19 12:07:02','2022-12-19 12:07:02'),(910,166830,'166830.jpg',1,1,'2022-12-19 12:07:02','2022-12-19 12:07:02'),(911,166864,'166864.jpg',1,1,'2022-12-19 12:07:02','2022-12-19 12:07:02'),(912,170337,'170337.jpg',1,1,'2022-12-19 12:07:02','2022-12-19 12:07:02'),(913,166832,'166832.jpg',1,1,'2022-12-19 12:07:02','2022-12-19 12:07:02'),(914,166833,'166833.jpg',1,1,'2022-12-19 12:07:02','2022-12-19 12:07:02'),(915,166828,'166828.jpg',1,1,'2022-12-19 12:07:02','2022-12-19 12:07:02'),(916,166826,'166826.jpg',1,1,'2022-12-19 12:07:02','2022-12-19 12:07:02'),(917,170339,'170339.jpg',1,1,'2022-12-19 12:07:02','2022-12-19 12:07:02'),(918,166866,'166866.jpg',1,1,'2022-12-19 12:07:02','2022-12-19 12:07:02'),(919,166838,'166838.jpg',1,1,'2022-12-19 12:07:02','2022-12-19 12:07:02'),(920,166837,'166837.jpg',1,1,'2022-12-19 12:07:02','2022-12-19 12:07:02'),(921,166839,'166839.jpg',1,1,'2022-12-19 12:07:02','2022-12-19 12:07:02'),(922,166840,'166840.jpg',1,1,'2022-12-19 12:07:02','2022-12-19 12:07:02'),(923,166841,'166841.jpg',1,1,'2022-12-19 12:07:02','2022-12-19 12:07:02'),(924,166836,'166836.jpg',1,1,'2022-12-19 12:07:02','2022-12-19 12:07:02'),(925,170346,'170346.jpg',1,1,'2022-12-19 12:07:02','2022-12-19 12:07:02'),(926,170348,'170348.jpg',1,1,'2022-12-19 12:07:02','2022-12-19 12:07:02'),(927,172134,'172134.jpg',1,1,'2022-12-19 12:07:02','2022-12-19 12:07:02'),(928,175789,'175789.jpg',1,1,'2022-12-19 12:07:02','2022-12-19 12:07:02'),(929,175779,'175779.jpg',1,1,'2022-12-19 12:07:02','2022-12-19 12:07:02'),(930,175788,'175788.jpg',1,1,'2022-12-19 12:07:02','2022-12-19 12:07:02'),(931,175781,'175781.jpg',1,1,'2022-12-19 12:07:02','2022-12-19 12:07:02'),(932,165333,'165333.jpg',1,1,'2022-12-19 12:07:02','2022-12-19 12:07:02'),(933,165331,'165331.jpg',1,1,'2022-12-19 12:07:02','2022-12-19 12:07:02'),(934,156784,'156784.jpg',1,1,'2022-12-19 12:07:02','2022-12-19 12:07:02'),(935,178169,'178169.jpg',1,1,'2022-12-19 12:07:02','2022-12-19 12:07:02'),(936,178170,'178170.jpg',1,1,'2022-12-19 12:07:02','2022-12-19 12:07:02'),(937,83560,'83560.jpg',1,1,'2022-12-19 12:07:02','2022-12-19 12:07:02'),(938,83561,'83561.jpg',1,1,'2022-12-19 12:07:02','2022-12-19 12:07:02'),(939,72254,'72254.jpg',1,1,'2022-12-19 12:07:02','2022-12-19 12:07:02'),(940,109504,'109504.jpg',1,1,'2022-12-19 12:07:02','2022-12-19 12:07:02'),(941,109503,'109503.jpg',1,1,'2022-12-19 12:07:02','2022-12-19 12:07:02'),(942,122733,'122733.jpg',1,1,'2022-12-19 12:07:02','2022-12-19 12:07:02'),(943,122732,'122732.jpg',1,1,'2022-12-19 12:07:02','2022-12-19 12:07:02'),(944,170924,'170924.jpg',1,1,'2022-12-19 12:07:02','2022-12-19 12:07:02'),(945,170923,'170923.jpg',1,1,'2022-12-19 12:07:02','2022-12-19 12:07:02'),(946,155191,'155191.jpg',1,1,'2022-12-19 12:07:02','2022-12-19 12:07:02'),(947,155190,'155190.jpg',1,1,'2022-12-19 12:07:02','2022-12-19 12:07:02'),(948,175178,'175178.jpg',1,1,'2022-12-19 12:07:02','2022-12-19 12:07:02'),(949,95028,'95028.jpg',1,1,'2022-12-19 12:07:02','2022-12-19 12:07:02'),(950,170613,'170613.jpg',1,1,'2022-12-19 12:07:02','2022-12-19 12:07:02'),(951,170612,'170612.jpg',1,1,'2022-12-19 12:07:02','2022-12-19 12:07:02'),(952,77115,'77115.jpg',1,1,'2022-12-19 12:07:02','2022-12-19 12:07:02'),(953,107845,'107845.jpg',1,1,'2022-12-19 12:07:02','2022-12-19 12:07:02'),(954,77120,'77120.jpg',1,1,'2022-12-19 12:07:02','2022-12-19 12:07:02'),(955,76314,'76314.jpg',1,1,'2022-12-19 12:07:02','2022-12-19 12:07:02'),(956,112500,'112500.jpg',1,1,'2022-12-19 12:07:02','2022-12-19 12:07:02'),(957,57017,'57017.jpg',1,1,'2022-12-19 12:07:02','2022-12-19 12:07:02'),(958,1642,'1642.jpg',1,1,'2022-12-19 12:07:02','2022-12-19 12:07:02'),(959,170199,'170199.jpg',1,1,'2022-12-19 12:07:02','2022-12-19 12:07:02'),(960,169253,'169253.jpg',1,1,'2022-12-19 12:07:02','2022-12-19 12:07:02'),(961,127552,'127552.jpg',1,1,'2022-12-19 12:07:02','2022-12-19 12:07:02'),(962,127523,'127523.jpg',1,1,'2022-12-19 12:07:02','2022-12-19 12:07:02'),(963,127596,'127596.jpg',1,1,'2022-12-19 12:07:02','2022-12-19 12:07:02'),(964,127597,'127597.jpg',1,1,'2022-12-19 12:07:02','2022-12-19 12:07:02'),(965,127595,'127595.jpg',1,1,'2022-12-19 12:07:02','2022-12-19 12:07:02'),(966,147315,'147315.jpg',1,1,'2022-12-19 12:07:02','2022-12-19 12:07:02'),(967,127519,'127519.jpg',1,1,'2022-12-19 12:07:02','2022-12-19 12:07:02'),(968,160054,'160054.jpg',1,1,'2022-12-19 12:07:02','2022-12-19 12:07:02'),(969,160091,'160091.jpg',1,1,'2022-12-19 12:07:02','2022-12-19 12:07:02'),(970,160090,'160090.jpg',1,1,'2022-12-19 12:07:02','2022-12-19 12:07:02'),(971,127448,'127448.jpg',1,1,'2022-12-19 12:07:02','2022-12-19 12:07:02'),(972,179635,'179635.jpg',1,1,'2022-12-19 12:07:02','2022-12-19 12:07:02'),(973,127464,'127464.jpg',1,1,'2022-12-19 12:07:02','2022-12-19 12:07:02'),(974,127633,'127633.jpg',1,1,'2022-12-19 12:07:02','2022-12-19 12:07:02'),(975,127427,'127427.jpg',1,1,'2022-12-19 12:07:02','2022-12-19 12:07:02'),(976,127428,'127428.jpg',1,1,'2022-12-19 12:07:02','2022-12-19 12:07:02'),(977,127459,'127459.jpg',1,1,'2022-12-19 12:07:02','2022-12-19 12:07:02'),(978,127530,'127530.jpg',1,1,'2022-12-19 12:07:02','2022-12-19 12:07:02'),(979,127529,'127529.jpg',1,1,'2022-12-19 12:07:02','2022-12-19 12:07:02'),(980,127526,'127526.jpg',1,1,'2022-12-19 12:07:02','2022-12-19 12:07:02'),(981,127528,'127528.jpg',1,1,'2022-12-19 12:07:02','2022-12-19 12:07:02'),(982,147312,'147312.jpg',1,1,'2022-12-19 12:07:02','2022-12-19 12:07:02'),(983,127425,'127425.jpg',1,1,'2022-12-19 12:07:02','2022-12-19 12:07:02'),(984,176821,'176821.jpg',1,1,'2022-12-19 12:07:02','2022-12-19 12:07:02'),(985,127424,'127424.jpg',1,1,'2022-12-19 12:07:02','2022-12-19 12:07:02'),(986,127607,'127607.jpg',1,1,'2022-12-19 12:07:02','2022-12-19 12:07:02'),(987,127606,'127606.jpg',1,1,'2022-12-19 12:07:02','2022-12-19 12:07:02'),(988,127441,'127441.jpg',1,1,'2022-12-19 12:07:02','2022-12-19 12:07:02'),(989,127498,'127498.jpg',1,1,'2022-12-19 12:07:02','2022-12-19 12:07:02'),(990,56987,'56987.jpg',1,1,'2022-12-19 12:07:02','2022-12-19 12:07:02'),(991,99495,'99495.jpg',1,1,'2022-12-19 12:07:02','2022-12-19 12:07:02'),(992,98626,'98626.jpg',1,1,'2022-12-19 12:07:02','2022-12-19 12:07:02'),(993,124146,'124146.jpg',1,1,'2022-12-19 12:07:02','2022-12-19 12:07:02'),(994,124144,'124144.jpg',1,1,'2022-12-19 12:07:02','2022-12-19 12:07:02'),(995,124145,'124145.jpg',1,1,'2022-12-19 12:07:02','2022-12-19 12:07:02'),(996,124142,'124142.jpg',1,1,'2022-12-19 12:07:02','2022-12-19 12:07:02'),(997,124141,'124141.jpg',1,1,'2022-12-19 12:07:02','2022-12-19 12:07:02'),(998,124143,'124143.jpg',1,1,'2022-12-19 12:07:02','2022-12-19 12:07:02'),(999,166396,'166396.jpg',1,1,'2022-12-19 12:07:02','2022-12-19 12:07:02'),(1000,124223,'124223.jpg',1,1,'2022-12-19 12:07:02','2022-12-19 12:07:02'),(1001,124160,'124160.jpg',1,1,'2022-12-19 12:07:02','2022-12-19 12:07:02'),(1002,124165,'124165.jpg',1,1,'2022-12-19 12:07:02','2022-12-19 12:07:02'),(1003,177841,'177841.jpg',1,1,'2022-12-19 12:07:02','2022-12-19 12:07:02'),(1004,1019,'1019.jpg',1,1,'2022-12-19 12:07:03','2022-12-19 12:07:03'),(1005,31469,'31469.jpg',1,1,'2022-12-19 12:07:03','2022-12-19 12:07:03'),(1006,6012,'6012.jpg',1,1,'2022-12-19 12:07:03','2022-12-19 12:07:03'),(1007,5846,'5846.jpg',1,1,'2022-12-19 12:07:03','2022-12-19 12:07:03'),(1008,44251,'44251.jpg',1,1,'2022-12-19 12:07:03','2022-12-19 12:07:03'),(1009,44252,'44252.jpg',1,1,'2022-12-19 12:07:03','2022-12-19 12:07:03'),(1010,44253,'44253.jpg',1,1,'2022-12-19 12:07:03','2022-12-19 12:07:03'),(1011,1032,'1032.jpg',1,1,'2022-12-19 12:07:03','2022-12-19 12:07:03'),(1012,1033,'1033.jpg',1,1,'2022-12-19 12:07:03','2022-12-19 12:07:03'),(1013,66795,'66795.jpg',1,1,'2022-12-19 12:07:03','2022-12-19 12:07:03'),(1014,8860,'8860.jpg',1,1,'2022-12-19 12:07:03','2022-12-19 12:07:03'),(1015,51783,'51783.jpg',1,1,'2022-12-19 12:07:03','2022-12-19 12:07:03'),(1016,20487,'20487.jpg',1,1,'2022-12-19 12:07:03','2022-12-19 12:07:03'),(1017,29403,'29403.jpg',1,1,'2022-12-19 12:07:03','2022-12-19 12:07:03'),(1018,174179,'174179.jpg',1,1,'2022-12-19 12:07:03','2022-12-19 12:07:03'),(1019,178244,'178244.jpg',1,1,'2022-12-19 12:07:03','2022-12-19 12:07:03'),(1020,178966,'178966.jpg',1,1,'2022-12-19 12:07:03','2022-12-19 12:07:03'),(1021,178970,'178970.jpg',1,1,'2022-12-19 12:07:03','2022-12-19 12:07:03'),(1022,178965,'178965.jpg',1,1,'2022-12-19 12:07:03','2022-12-19 12:07:03'),(1023,178967,'178967.jpg',1,1,'2022-12-19 12:07:03','2022-12-19 12:07:03'),(1024,178974,'178974.jpg',1,1,'2022-12-19 12:07:03','2022-12-19 12:07:03'),(1025,178969,'178969.jpg',1,1,'2022-12-19 12:07:03','2022-12-19 12:07:03'),(1026,178972,'178972.jpg',1,1,'2022-12-19 12:07:03','2022-12-19 12:07:03'),(1027,178973,'178973.jpg',1,1,'2022-12-19 12:07:03','2022-12-19 12:07:03'),(1028,178971,'178971.jpg',1,1,'2022-12-19 12:07:03','2022-12-19 12:07:03'),(1029,178963,'178963.jpg',1,1,'2022-12-19 12:07:03','2022-12-19 12:07:03'),(1030,180361,'180361.jpg',1,1,'2022-12-19 12:07:03','2022-12-19 12:07:03'),(1031,180381,'180381.jpg',1,1,'2022-12-19 12:07:03','2022-12-19 12:07:03'),(1032,180362,'180362.jpg',1,1,'2022-12-19 12:07:03','2022-12-19 12:07:03'),(1034,174250,'174250.jpg',1,1,'2022-12-19 12:07:03','2022-12-19 12:07:03'),(1035,180374,'180374.jpg',1,1,'2022-12-19 12:07:03','2022-12-19 12:07:03'),(1036,180375,'180375.jpg',1,1,'2022-12-19 12:07:03','2022-12-19 12:07:03'),(1037,180376,'180376.jpg',1,1,'2022-12-19 12:07:03','2022-12-19 12:07:03'),(1038,180378,'180378.jpg',1,1,'2022-12-19 12:07:03','2022-12-19 12:07:03'),(1039,180379,'180379.jpg',1,1,'2022-12-19 12:07:03','2022-12-19 12:07:03'),(1040,180382,'180382.jpg',1,1,'2022-12-19 12:07:03','2022-12-19 12:07:03'),(1041,180373,'180373.jpg',1,1,'2022-12-19 12:07:03','2022-12-19 12:07:03');
/*!40000 ALTER TABLE `product_images` ENABLE KEYS */;
UNLOCK TABLES;

--
-- Table structure for table `products`
--

DROP TABLE IF EXISTS `products`;
/*!40101 SET @saved_cs_client     = @@character_set_client */;
/*!50503 SET character_set_client = utf8mb4 */;
CREATE TABLE `products` (
  `id` int unsigned NOT NULL AUTO_INCREMENT,
  `product_name` varchar(255) NOT NULL COMMENT 'produt_name mapped with id in category table ',
  `product_category_id` int DEFAULT NULL COMMENT 'produt_category_id mapped with id in category table ',
  `product_subcategory_id` varchar(127) CHARACTER SET latin1 COLLATE latin1_swedish_ci DEFAULT NULL COMMENT 'product_subcategory_id mapped with id in sub_categories table',
  `product_brand_id` int DEFAULT NULL COMMENT 'product_brand_id is mapped with id in brand table',
  `product_description` text CHARACTER SET latin1 COLLATE latin1_swedish_ci COMMENT 'product description',
  `product_cost` varchar(127) CHARACTER SET latin1 COLLATE latin1_swedish_ci DEFAULT NULL COMMENT 'product_cost in miles',
  `product_color` varchar(31) DEFAULT NULL COMMENT 'product_color is color code of product',
  `product_size` varchar(31) DEFAULT NULL COMMENT 'product_size is size of the product',
  `parent_product_id` int DEFAULT '0' COMMENT 'parent_product_id mapped with id in same table ',
  `is_prime` tinyint DEFAULT '1' COMMENT '1 for prime and 0 for non_prime',
  `status` tinyint DEFAULT '1' COMMENT '1 for active and 0 for inactive',
  `created_at` timestamp NULL DEFAULT CURRENT_TIMESTAMP,
  `updated_at` timestamp NULL DEFAULT CURRENT_TIMESTAMP,
  PRIMARY KEY (`id`),
  KEY `status` (`status`),
  KEY `product_category_id` (`product_category_id`),
  KEY `product_subcategory_id` (`product_subcategory_id`),
  KEY `product_brand_id` (`product_brand_id`),
  KEY `product_cost` (`product_cost`),
  KEY `product_color` (`product_color`),
  KEY `product_size` (`product_size`),
  KEY `parent_product_id` (`parent_product_id`),
  KEY `is_prime` (`is_prime`)
) ENGINE=InnoDB AUTO_INCREMENT=180383 DEFAULT CHARSET=latin1;
/*!40101 SET character_set_client = @saved_cs_client */;

--
-- Dumping data for table `products`
--

LOCK TABLES `products` WRITE;
/*!40000 ALTER TABLE `products` DISABLE KEYS */;
INSERT INTO `products` VALUES (1000,'CHIVAS REGAL 12Y 50CL PET',5,'19',93,NULL,'2400','000000','5cl',0,1,1,'2022-12-19 12:04:49','2022-12-19 12:04:49'),(1003,'BLACK AND WHITE WHISKY 1L',5,'19',89,NULL,'1700',NULL,'1L',0,1,1,'2022-12-19 12:04:49','2022-12-19 12:04:49'),(1019,'CAMEL FILTERS KS 200s',7,'27',172,NULL,'2700',NULL,NULL,0,1,1,'2022-12-20 06:02:30','2022-12-20 06:02:30'),(1032,'KENT HD NAVY BLUE 200s',7,'27',173,NULL,'2200',NULL,NULL,0,1,1,'2022-12-20 06:02:30','2022-12-20 06:02:30'),(1033,'KENT HD WHITE 200s',7,'27',173,NULL,'2200',NULL,NULL,0,1,1,'2022-12-20 06:02:30','2022-12-20 06:02:30'),(1046,'CHIVAS REGAL 12Y 1L',5,'19',93,NULL,'3800',NULL,'1L',0,1,1,'2022-12-19 12:04:49','2022-12-19 12:04:49'),(1048,'CAPTAIN MORGAN BLACK RUM 1L',5,'17',68,NULL,'1500',NULL,'1L',0,1,1,'2022-12-19 12:04:49','2022-12-19 12:04:49'),(1050,'100 PIPERS 1L',5,'19',92,NULL,'1700',NULL,'1L',0,1,1,'2022-12-19 12:04:49','2022-12-19 12:04:49'),(1063,'LINDT NAPOLITAIS ASST BOX 500G',3,'6',6,NULL,'2500',NULL,'5g',0,1,1,'2022-12-19 12:04:47','2022-12-19 12:04:47'),(1125,'BOSS BOTTLED EDT 100ML',4,'9',25,NULL,'7000',NULL,'1ml',0,1,1,'2022-12-19 12:04:47','2022-12-19 12:04:47'),(1695,'KENZO FBK EDP100ML W SPRAY',4,'10',38,NULL,'8200',NULL,'1ml',0,1,1,'2022-12-19 12:04:48','2022-12-19 12:04:48'),(2067,'SMARTIES MINIS POUCH BAG 450G',3,'6',19,NULL,'1200',NULL,'45g',0,1,1,'2022-12-19 12:04:47','2022-12-19 12:04:47'),(2184,'JW RED LABEL 1L',5,'19',95,NULL,'2000',NULL,'1L',0,1,1,'2022-12-19 12:04:49','2022-12-19 12:04:49'),(2185,'JW RED LABEL 50CL PET',5,'19',95,NULL,'1400',NULL,'5cl',0,1,1,'2022-12-19 12:04:49','2022-12-19 12:04:49'),(2188,'JW BLACK LABEL 12Y 1L',5,'19',95,NULL,'3500',NULL,'1L',0,1,1,'2022-12-19 12:04:49','2022-12-19 12:04:49'),(2189,'JW BLACK LABEL 12Y 50CL PET',5,'19',95,NULL,'2500',NULL,'5cl',0,1,1,'2022-12-19 12:04:49','2022-12-19 12:04:49'),(2201,'GORDONS LONDON DRY GIN 1L',5,'18',75,NULL,'1800',NULL,'1L',0,1,1,'2022-12-19 12:04:49','2022-12-19 12:04:49'),(2203,'VAT 69 1L',5,'19',90,NULL,'1800',NULL,'1L',0,1,1,'2022-12-19 12:04:49','2022-12-19 12:04:49'),(2205,'PASSPORT SCOTCH 1L',5,'19',91,NULL,'1700',NULL,'1L',0,1,1,'2022-12-19 12:04:49','2022-12-19 12:04:49'),(2226,'TEACHERS 1L',5,'19',117,NULL,'2000',NULL,'1L',0,1,1,'2022-12-19 12:04:49','2022-12-19 12:04:49'),(2227,'J B RARE 1L',5,'19',119,NULL,'1900',NULL,'1L',0,1,1,'2022-12-19 12:04:49','2022-12-19 12:04:49'),(2231,'BALLANTINE 12YO 1L',5,'19',96,NULL,'3600',NULL,'1L',0,1,1,'2022-12-19 12:04:49','2022-12-19 12:04:49'),(2233,'BALLANTINES FINEST 1L W BOX',5,'19',96,NULL,'2000',NULL,'1L',0,1,1,'2022-12-19 12:04:49','2022-12-19 12:04:49'),(2235,'WINCARNIS TONIC WINE 1L',5,'16',83,NULL,'1400',NULL,'1L',0,1,1,'2022-12-19 12:04:49','2022-12-19 12:04:49'),(2236,'WHYTE MACKAY 1L',5,'19',116,NULL,'1800',NULL,'1L',0,1,1,'2022-12-19 12:04:49','2022-12-19 12:04:49'),(2238,'PIMMS 1L',5,'12',55,NULL,'1900',NULL,'1L',0,1,1,'2022-12-19 12:04:49','2022-12-19 12:04:49'),(2252,'BAILEYS ORIGINAL 1L',5,'12',66,NULL,'2500',NULL,'1L',0,1,1,'2022-12-19 12:04:49','2022-12-19 12:04:49'),(2273,'SMIRNOFF BLUE 1L',5,'22',129,NULL,'1600',NULL,'1L',0,1,1,'2022-12-19 12:04:49','2022-12-19 12:04:49'),(2347,'LINDT GOLD MILK 300G',3,'6',6,NULL,'1000',NULL,'3g',0,1,1,'2022-12-19 12:04:47','2022-12-19 12:04:47'),(2348,'LINDT GOLD MILK HAZELNUT 300G',3,'6',6,NULL,'1000',NULL,'3g',0,1,1,'2022-12-19 12:04:47','2022-12-19 12:04:47'),(2353,'KAHLUA 1L',5,'12',81,NULL,'2200',NULL,'1L',0,1,1,'2022-12-19 12:04:49','2022-12-19 12:04:49'),(2362,'TOBLERONE GOLD 360GMS',3,'6',10,NULL,'1300',NULL,'36g',0,1,1,'2022-12-19 12:04:47','2022-12-19 12:04:47'),(5749,'AFTER EIGHT PRSNTATION 400G',3,'6',18,NULL,'800',NULL,'4g',0,1,1,'2022-12-19 12:04:47','2022-12-19 12:04:47'),(5750,'ABSOLUT BLUE 1L',5,'22',124,NULL,'2000',NULL,'1L',0,1,1,'2022-12-19 12:04:49','2022-12-19 12:04:49'),(5781,'TOBLERONE WHITE 360G',3,'6',10,NULL,'1300',NULL,'36g',0,1,1,'2022-12-19 12:04:47','2022-12-19 12:04:47'),(5810,'KIT KAT TRIO PACK 3X45G',3,'6',16,NULL,'400',NULL,'45g',0,1,1,'2022-12-19 12:04:47','2022-12-19 12:04:47'),(5846,'DAVIDOFF CLASSICS 200S',7,'27',141,NULL,'2800',NULL,NULL,0,1,1,'2022-12-20 06:02:30','2022-12-20 06:02:30'),(5999,'ROYAL SALUTE 21Y 70CL',5,'19',115,NULL,'13500',NULL,'7cl',0,1,1,'2022-12-19 12:04:49','2022-12-19 12:04:49'),(6012,'DAVIDOFF WHITE 200S',7,'27',141,NULL,'2800',NULL,'2s',0,1,1,'2022-12-20 06:02:30','2022-12-20 06:02:30'),(7265,'ABSOLUT CITRON VODKA 1L',5,'22',124,NULL,'2100',NULL,'1L',0,1,1,'2022-12-19 12:04:49','2022-12-19 12:04:49'),(7266,'ABSOLUT MANDARIN VODKA 1L',5,'22',124,NULL,'2100',NULL,'1L',0,1,1,'2022-12-19 12:04:49','2022-12-19 12:04:49'),(8578,'SMIRNOFF RED 1L',5,'22',129,NULL,'1500',NULL,'1L',0,1,1,'2022-12-19 12:04:49','2022-12-19 12:04:49'),(8860,'MARLBORO RED 600s',7,'27',150,NULL,'7900',NULL,NULL,0,1,1,'2022-12-20 06:02:30','2022-12-20 06:02:30'),(8973,'RALPH LAUREN ROMANCE W EDP50ML',4,'10',48,NULL,'7300',NULL,'5ml',0,1,1,'2022-12-19 12:04:48','2022-12-19 12:04:48'),(8974,'RALPH LAUREN ROMANCE W EDP100ML',4,'10',48,NULL,'9900',NULL,'1ml',0,1,1,'2022-12-19 12:04:48','2022-12-19 12:04:48'),(9553,'BENEDICTINE LIQUEUR 1L',5,'12',80,NULL,'2600',NULL,'1L',0,1,1,'2022-12-19 12:04:49','2022-12-19 12:04:49'),(9557,'BACARDI 8 A OS RUM 1L',5,'17',70,NULL,'3100',NULL,'1L',0,1,1,'2022-12-19 12:04:49','2022-12-19 12:04:49'),(9558,'DEWARS WHITE LABEL 1L',5,'19',94,NULL,'1900',NULL,'1L',0,1,1,'2022-12-19 12:04:49','2022-12-19 12:04:49'),(9559,'DEWARS SPECIAL RESERVE 12YO 1L',5,'19',94,NULL,'3500',NULL,'1L',0,1,1,'2022-12-19 12:04:49','2022-12-19 12:04:49'),(9560,'BOMBAY SAPPHIRE GIN 1L',5,'18',74,NULL,'2300',NULL,'1L',0,1,1,'2022-12-19 12:04:49','2022-12-19 12:04:49'),(10339,'BACARDI CARTA DE ORO RUM 1L',5,'17',70,NULL,'1800',NULL,'1L',0,1,1,'2022-12-19 12:04:49','2022-12-19 12:04:49'),(10570,'MALIBU RUM 1L',5,'12',79,NULL,'2000',NULL,'1L',0,1,1,'2022-12-19 12:04:49','2022-12-19 12:04:49'),(10603,'PERNOD ANIS 1L',5,'12',54,NULL,'1800',NULL,'1L',0,1,1,'2022-12-19 12:04:49','2022-12-19 12:04:49'),(11121,'CK ETERNITY M EDT 100ML',4,'9',31,NULL,'6700',NULL,'1ml',0,1,1,'2022-12-19 12:04:48','2022-12-19 12:04:48'),(11140,'CK ONE M EDT 100ML',4,'9',31,NULL,'4700',NULL,'1ml',0,1,1,'2022-12-19 12:04:48','2022-12-19 12:04:48'),(11141,'CK ONE M EDT 200ML',4,'9',31,NULL,'6700',NULL,'2ml',0,1,1,'2022-12-19 12:04:48','2022-12-19 12:04:48'),(11143,'CK BE M EDT 100ML',4,'9',31,NULL,'4700',NULL,'1ml',0,1,1,'2022-12-19 12:04:48','2022-12-19 12:04:48'),(12054,'MUMM CORDON ROUGE 75CL',5,'16',63,NULL,'4900',NULL,'75cl',0,1,1,'2022-12-19 12:04:49','2022-12-19 12:04:49'),(12377,'TOBLERONE TINY BAG 272G',3,'6',10,NULL,'1300',NULL,'272g',0,1,1,'2022-12-19 12:04:47','2022-12-19 12:04:47'),(16562,'FERRERO ROCHER T 16 200G',3,'6',8,NULL,'700',NULL,'2g',0,1,1,'2022-12-19 12:04:47','2022-12-19 12:04:47'),(16563,'FERRERO ROCHER T 30 375G',3,'6',8,NULL,'1200',NULL,'375g',0,1,1,'2022-12-19 12:04:47','2022-12-19 12:04:47'),(17177,'GREY GOOSE ORIGINAL 1L',5,'22',125,NULL,'4500',NULL,'1L',0,1,1,'2022-12-19 12:04:49','2022-12-19 12:04:49'),(19452,'CIROC LTR',5,'22',127,NULL,'4700',NULL,'1L',0,1,1,'2022-12-19 12:04:49','2022-12-19 12:04:49'),(19453,'TANQUERAY TEN LTR',5,'18',71,NULL,'4500',NULL,'1L',0,1,1,'2022-12-19 12:04:49','2022-12-19 12:04:49'),(19454,'CAOL ILA 12YR OLD 75CL',5,'21',103,NULL,'7400',NULL,'75cl',0,1,1,'2022-12-19 12:04:49','2022-12-19 12:04:49'),(19458,'TALISKER 75CL',5,'21',100,NULL,'6100',NULL,'75cl',0,1,1,'2022-12-19 12:04:49','2022-12-19 12:04:49'),(20487,'SUPERKINGS BLUE 200S',7,'27',175,NULL,'2600',NULL,NULL,0,1,1,'2022-12-20 06:02:30','2022-12-20 06:02:30'),(20850,'LINDT LINDOR ASSORTED 400G',3,'6',6,NULL,'2100',NULL,'4g',0,1,1,'2022-12-19 12:04:47','2022-12-19 12:04:47'),(23309,'MILKA TRIOLADE TABLET 280G',3,'6',13,NULL,'900',NULL,NULL,0,1,1,'2022-12-19 12:04:47','2022-12-19 12:04:47'),(23539,'BALLANTINES FINEST 17YO 75cl',5,'19',96,NULL,'7300',NULL,'75cl',0,1,1,'2022-12-19 12:04:49','2022-12-19 12:04:49'),(23772,'HAVANA CLUB 3 YRS OLD 1L',5,'17',69,NULL,'1800',NULL,'1L',0,1,1,'2022-12-19 12:04:49','2022-12-19 12:04:49'),(25503,'SHERIDANS COFFEE LIQUEUR 1L',5,'12',67,NULL,'3100',NULL,'1L',0,1,1,'2022-12-19 12:04:49','2022-12-19 12:04:49'),(28139,'ABSOLUT VANILIA VODKA 1L',5,'22',124,NULL,'2100',NULL,'1L',0,1,1,'2022-12-19 12:04:49','2022-12-19 12:04:49'),(28278,'CAPTAIN MORGAN SPICED 1L',5,'17',68,NULL,'1700',NULL,'1L',0,1,1,'2022-12-19 12:04:49','2022-12-19 12:04:49'),(29269,'ARMANI GA ACQUA DI GIO PH EDT100 DEO',4,'9',23,NULL,'8600',NULL,'1ml',0,1,1,'2022-12-19 12:04:47','2022-12-19 12:04:47'),(29403,'SUPERKINGS BLUE 400S',7,'27',175,NULL,'4100',NULL,NULL,0,1,1,'2022-12-20 06:02:30','2022-12-20 06:02:30'),(30288,'LINDT SLV TABLETS DK HZNT 300G',3,'6',6,NULL,'1000',NULL,'3g',0,1,1,'2022-12-19 12:04:47','2022-12-19 12:04:47'),(30289,'LINDT LINDOR MILK TUBE 400G',3,'6',6,NULL,'2100',NULL,'4g',0,1,1,'2022-12-19 12:04:47','2022-12-19 12:04:47'),(31469,'DAVIDOFF WHITE SLIMS 200s',7,'27',141,NULL,'2800',NULL,NULL,0,1,1,'2022-12-20 06:02:30','2022-12-20 06:02:30'),(31790,'ARMANI GA CODE FEMME EDP50ML',4,'10',23,NULL,'8300',NULL,'5ml',0,1,1,'2022-12-19 12:04:47','2022-12-19 12:04:47'),(34132,'CK EUPHORIA MEN EDT 100ML',4,'9',31,NULL,'7200',NULL,'1ml',0,1,1,'2022-12-19 12:04:48','2022-12-19 12:04:48'),(34492,'ABSOLUT APEACH VODKA 1L',5,'22',124,NULL,'2100',NULL,'1L',0,1,1,'2022-12-19 12:04:49','2022-12-19 12:04:49'),(34497,'ABSOLUT RASPBERRI VODKA 1L',5,'22',124,NULL,'2100',NULL,'1L',0,1,1,'2022-12-19 12:04:49','2022-12-19 12:04:49'),(35793,'KINDER CHOCOLATE T8X4 BIG',3,'6',14,NULL,'800',NULL,NULL,0,1,1,'2022-12-19 12:04:47','2022-12-19 12:04:47'),(40405,'QUALITY STREET POUCH 750GMS',3,'6',7,NULL,'1900',NULL,'75g',0,1,1,'2022-12-19 12:04:47','2022-12-19 12:04:47'),(40979,'BALLANTINES 30YRS 70CL',5,'19',96,NULL,'35400',NULL,'7cl',0,1,1,'2022-12-19 12:04:49','2022-12-19 12:04:49'),(42060,'C.HERERRA CHT EDT 100ML',4,'10',28,NULL,'9400',NULL,'1ml',0,1,1,'2022-12-19 12:04:47','2022-12-19 12:04:47'),(42586,'JW BLUE KING GEORGE V 75CL',5,'19',95,NULL,'45600',NULL,'75cl',0,1,1,'2022-12-19 12:04:49','2022-12-19 12:04:49'),(42893,'BVLGARI OMNIA AMETHYSTE EDT 65ML',4,'10',27,NULL,'7600',NULL,'65ml',0,1,1,'2022-12-19 12:04:47','2022-12-19 12:04:47'),(44026,'BACARDI PREMIUM BLACK RUM 1L',5,'17',70,NULL,'1800',NULL,'1L',0,1,1,'2022-12-19 12:04:49','2022-12-19 12:04:49'),(44251,'DAVIDOFF CLASSIC 400s',7,'27',141,NULL,'4500',NULL,NULL,0,1,1,'2022-12-20 06:02:30','2022-12-20 06:02:30'),(44252,'DAVIDOFF GOLD 400s',7,'27',141,NULL,'4500',NULL,NULL,0,1,1,'2022-12-20 06:02:30','2022-12-20 06:02:30'),(44253,'DAVIDOFF WHITE 400s',7,'27',141,NULL,'4500',NULL,NULL,0,1,1,'2022-12-20 06:02:30','2022-12-20 06:02:30'),(44270,'SMOKEHEAD EXTRA RARE MALT 1L',5,'21',107,NULL,'5000',NULL,'1L',0,1,1,'2022-12-19 12:04:49','2022-12-19 12:04:49'),(44732,'JACOBS CREEK RSV SHIRAZ 75CL',5,'16',88,NULL,'1600',NULL,'75cl',0,1,1,'2022-12-19 12:04:49','2022-12-19 12:04:49'),(44735,'JACOBS CREEK RSV CAB SVN 75CL',5,'16',88,NULL,'1600',NULL,'75cl',0,1,1,'2022-12-19 12:04:49','2022-12-19 12:04:49'),(45594,'TONE 400GM FRT NT',3,'6',10,NULL,'1300',NULL,'36g',0,1,1,'2022-12-19 12:04:47','2022-12-19 12:04:47'),(46732,'ABERFELDY 12YO 1L',5,'21',109,NULL,'4700',NULL,'1L',0,1,1,'2022-12-19 12:04:49','2022-12-19 12:04:49'),(48387,'PACO RABBANE  1 MILLION EDT100ML',4,'9',46,NULL,'7600',NULL,'1ml',0,1,1,'2022-12-19 12:04:48','2022-12-19 12:04:48'),(48388,'PACO RABBANE  1 MILLION EDT50ML',4,'9',46,NULL,'5800',NULL,'5ml',0,1,1,'2022-12-19 12:04:48','2022-12-19 12:04:48'),(49161,'GLENKINCHIE 12YO 75CL',5,'21',102,NULL,'6500',NULL,'75cl',0,1,1,'2022-12-19 12:04:49','2022-12-19 12:04:49'),(51427,'VEUVE CLICQUOT BRUT 75CL',5,'16',65,NULL,'4700',NULL,'75cl',0,1,1,'2022-12-19 12:04:49','2022-12-19 12:04:49'),(51783,'MAYFAIR KS 400s',7,'27',174,NULL,'3900',NULL,NULL,0,1,1,'2022-12-20 06:02:30','2022-12-20 06:02:30'),(52045,'MILKA TOFFEE WHOLE NUTS 300GM',3,'6',13,NULL,'900',NULL,'3g',0,1,1,'2022-12-19 12:04:47','2022-12-19 12:04:47'),(52047,'DAIM MINIS BAG 280GM',3,'6',11,NULL,'900',NULL,'28g',0,1,1,'2022-12-19 12:04:47','2022-12-19 12:04:47'),(52444,'AFTR EIGHT VRTY SHRNG BAG550GM',3,'6',18,NULL,'1900',NULL,'55g',0,1,1,'2022-12-19 12:04:47','2022-12-19 12:04:47'),(53502,'WYNDHAM BIN 555 SHIRAZ 75CL',5,'16',88,NULL,'1500',NULL,'75cl',0,1,1,'2022-12-19 12:04:49','2022-12-19 12:04:49'),(56987,'LANCOME GENIFIQUE NIGHT CREAM50ML',6,NULL,NULL,NULL,'8200',NULL,NULL,0,1,1,'2022-12-20 06:02:30','2022-12-20 06:02:30'),(57209,'NSTLE SWSS MLK CHC CHNKS 500G',3,'6',15,NULL,'1900',NULL,'5g',0,1,1,'2022-12-19 12:04:47','2022-12-19 12:04:47'),(58972,'FERRERO COLLECTION T24',3,'6',8,NULL,'1200',NULL,NULL,0,1,1,'2022-12-19 12:04:47','2022-12-19 12:04:47'),(58976,'KINDER SCHOKOBONS 320G',3,'6',14,NULL,'900',NULL,'32g',0,1,1,'2022-12-19 12:04:47','2022-12-19 12:04:47'),(59527,'PACO RABBANE  1 MILLION EDT 200ML',4,'9',46,NULL,'10400',NULL,'2ml',0,1,1,'2022-12-19 12:04:48','2022-12-19 12:04:48'),(60770,'PACO RABBANE  LADY MILLION EDP80ML',4,'10',46,NULL,'8700',NULL,'8ml',0,1,1,'2022-12-19 12:04:48','2022-12-19 12:04:48'),(61361,'DALMORE 12YO 1L',5,'21',99,NULL,'7200',NULL,'1L',0,1,1,'2022-12-19 12:04:49','2022-12-19 12:04:49'),(61366,'MARTINI SPARKLING ROSE 75CL',5,'16',122,NULL,'1300',NULL,'75cl',0,1,1,'2022-12-19 12:04:49','2022-12-19 12:04:49'),(61678,'MOUTON CADET ROUGE ROTHSCHILD',5,'16',87,NULL,'2000',NULL,'75cl',0,1,1,'2022-12-19 12:04:49','2022-12-19 12:04:49'),(62026,'JW DOUBLE BLACK 1L',5,'19',95,NULL,'4600',NULL,'1L',0,1,1,'2022-12-19 12:04:49','2022-12-19 12:04:49'),(62281,'NUTELLA G 30x7 X16',3,'6',9,NULL,'1400',NULL,NULL,0,1,1,'2022-12-19 12:04:47','2022-12-19 12:04:47'),(62284,'KINDER SURPRISE T4x20',3,'6',14,NULL,'500',NULL,NULL,0,1,1,'2022-12-19 12:04:47','2022-12-19 12:04:47'),(63012,'NESTLE MINI MX SHRNG BAG 520G',3,'6',15,NULL,'1200',NULL,'52g',0,1,1,'2022-12-19 12:04:47','2022-12-19 12:04:47'),(64137,'LACOSTE L 12 12 BLANC EDT100',4,'9',39,NULL,'6500',NULL,'1ml',0,1,1,'2022-12-19 12:04:48','2022-12-19 12:04:48'),(64516,'AJMAL D O SHAMS OUDH EDP 30ML',4,'10',22,NULL,'4400',NULL,'3ml',0,1,1,'2022-12-19 12:04:47','2022-12-19 12:04:47'),(66594,'KETEL ONE 1L',5,'22',126,NULL,'2600',NULL,'1L',0,1,1,'2022-12-19 12:04:49','2022-12-19 12:04:49'),(66795,'MARLBORO FLAVOR CODE 200s',7,'27',150,NULL,'2800',NULL,NULL,0,1,1,'2022-12-20 06:02:30','2022-12-20 06:02:30'),(68288,'BAYARA ALM SHELLED JMB 400g',3,'8',20,NULL,'1000',NULL,'4g',0,1,1,'2022-12-19 12:04:47','2022-12-19 12:04:47'),(68292,'BAYARA CASHEW KERNEL JMB 400g',3,'8',20,NULL,'1200',NULL,'4g',0,1,1,'2022-12-19 12:04:47','2022-12-19 12:04:47'),(68297,'BAYARA PISTACHIOS KERNELS 400g',3,'8',20,NULL,'1900',NULL,'4g',0,1,1,'2022-12-19 12:04:47','2022-12-19 12:04:47'),(68906,'JAGERMEISTER 1L',5,'12',53,NULL,'2400',NULL,'1L',0,1,1,'2022-12-19 12:04:49','2022-12-19 12:04:49'),(68908,'JOSE CUERVO SILVER 1LTR',5,'20',123,NULL,'1900',NULL,'1L',0,1,1,'2022-12-19 12:04:49','2022-12-19 12:04:49'),(68909,'JOSE CUERVO GOLD 1LTR',5,'20',123,NULL,'1900',NULL,'1L',0,1,1,'2022-12-19 12:04:49','2022-12-19 12:04:49'),(70806,'ISSEY MIYAKE EAU DISSEY EDT100ML',4,'10',35,NULL,'10000',NULL,'1ml',0,1,1,'2022-12-19 12:04:48','2022-12-19 12:04:48'),(70844,'N.RODRIGUEZ FOR HER EDT 50ML',4,'10',45,NULL,'7300',NULL,'5ml',0,1,1,'2022-12-19 12:04:48','2022-12-19 12:04:48'),(70845,'N.RODRIGUEZ FOR HER EDT 100ML',4,'10',45,NULL,'9900',NULL,'1ml',0,1,1,'2022-12-19 12:04:48','2022-12-19 12:04:48'),(70846,'N.RODRIGUEZ FOR HER EDP 50ML',4,'10',45,NULL,'8100',NULL,'5ml',0,1,1,'2022-12-19 12:04:48','2022-12-19 12:04:48'),(70847,'N.RODRIGUEZ FOR HER EDP 100ML',4,'10',45,NULL,'10800',NULL,'1ml',0,1,1,'2022-12-19 12:04:48','2022-12-19 12:04:48'),(72519,'CORONA EXTRA BEER 12PACK',5,'13',56,NULL,'2100',NULL,'12x37.5cl',0,1,1,'2022-12-19 12:04:49','2022-12-19 12:04:49'),(72935,'NSTLE SWISS MLK TAB 300G',3,'6',15,NULL,'900',NULL,'3g',0,1,1,'2022-12-19 12:04:47','2022-12-19 12:04:47'),(72936,'NSTLE SWISS HZLNUT TAB 300G',3,'6',15,NULL,'900',NULL,'3g',0,1,1,'2022-12-19 12:04:47','2022-12-19 12:04:47'),(72937,'NSTLE SWISS FRT NUT TAB300G',3,'6',15,NULL,'900',NULL,'3g',0,1,1,'2022-12-19 12:04:47','2022-12-19 12:04:47'),(72939,'NSTLE SWISS WHITE TAB 300G',3,'6',15,NULL,'900',NULL,'3g',0,1,1,'2022-12-19 12:04:47','2022-12-19 12:04:47'),(72940,'NSTLE SWISS DARK TAB 300G',3,'6',15,NULL,'900',NULL,'3g',0,1,1,'2022-12-19 12:04:47','2022-12-19 12:04:47'),(73111,'JW PLATINUM 1L',5,'19',95,NULL,'9800',NULL,'1L',0,1,1,'2022-12-19 12:04:49','2022-12-19 12:04:49'),(73112,'JW GOLD RESERVE 1L',5,'19',95,NULL,'5800',NULL,'1L',0,1,1,'2022-12-19 12:04:49','2022-12-19 12:04:49'),(73185,'BVLGARI OMNIA CORAL 65ML EDT',4,'10',27,NULL,'7600',NULL,'65ml',0,1,1,'2022-12-19 12:04:47','2022-12-19 12:04:47'),(73545,'The GLENLIVET MDR',5,'21',101,NULL,'5000',NULL,'1L',0,1,1,'2022-12-19 12:04:49','2022-12-19 12:04:49'),(74689,'TONE CRUNCHY ALM BAR 360g',3,'6',10,NULL,'1300',NULL,'36g',0,1,1,'2022-12-19 12:04:47','2022-12-19 12:04:47'),(76214,'LAGAVULIN 16YO 70cl',5,'21',104,NULL,'10100',NULL,'7cl',0,1,1,'2022-12-19 12:04:49','2022-12-19 12:04:49'),(77801,'NSTLE ADVNTRE MIX BAG 20x474g',3,'6',15,NULL,'1200',NULL,'474g',0,1,1,'2022-12-19 12:04:47','2022-12-19 12:04:47'),(81373,'TALISKER DARKSTORM 1L',5,'21',100,NULL,'8400',NULL,'1L',0,1,1,'2022-12-19 12:04:49','2022-12-19 12:04:49'),(82056,'PACO RABBANE  INVICTUS EDT100ML',4,'9',46,NULL,'7600',NULL,'1ml',0,1,1,'2022-12-19 12:04:48','2022-12-19 12:04:48'),(82067,'MILKA LUFLEE CRML TBLT 250g',3,'6',13,NULL,'900',NULL,'25g',0,1,1,'2022-12-19 12:04:47','2022-12-19 12:04:47'),(82520,'BAYARA PEANUTS SALTED 300G',3,'8',20,NULL,'300',NULL,'3g',0,1,1,'2022-12-19 12:04:47','2022-12-19 12:04:47'),(82522,'BAYARA CASHEWS SALTED 300G',3,'8',20,NULL,'1000',NULL,'3g',0,1,1,'2022-12-19 12:04:47','2022-12-19 12:04:47'),(82524,'BAYARA PISTACHIOS SALTED 300G',3,'8',20,NULL,'1000',NULL,'3g',0,1,1,'2022-12-19 12:04:47','2022-12-19 12:04:47'),(82526,'BAYARA MIXED NUTS 300G',3,'8',20,NULL,'500',NULL,'3g',0,1,1,'2022-12-19 12:04:47','2022-12-19 12:04:47'),(82528,'BAYARA XTRA MIXED NUTS 300G',3,'8',20,NULL,'1000',NULL,'3g',0,1,1,'2022-12-19 12:04:47','2022-12-19 12:04:47'),(83244,'DALWHINNIE 15YO 75CL',5,'21',105,NULL,'6900',NULL,'75cl',0,1,1,'2022-12-19 12:04:49','2022-12-19 12:04:49'),(83568,'BVLGARI OMNIA CRYSTALLINE EDT65ML',4,'10',27,NULL,'7600',NULL,'65ml',0,1,1,'2022-12-19 12:04:47','2022-12-19 12:04:47'),(83600,'AJMAL AURUM EDP75ML',4,'11',22,NULL,'3300',NULL,'75ml',0,1,1,'2022-12-19 12:04:47','2022-12-19 12:04:47'),(85476,'VERSACE BRIGHT CRYSTAL EDT200M',4,'10',52,NULL,'10300',NULL,'2ml',0,1,1,'2022-12-19 12:04:49','2022-12-19 12:04:49'),(87960,'AJMAL EVOKE HER75ML',4,'10',22,NULL,'2700',NULL,'75ml',0,1,1,'2022-12-19 12:04:47','2022-12-19 12:04:47'),(89114,'CAPTAIN MORGAN SPICED BLACK 1L',5,'17',68,NULL,'2000',NULL,'1L',0,1,1,'2022-12-19 12:04:49','2022-12-19 12:04:49'),(90901,'CDM MILK TABLET 300G',3,'6',17,NULL,'800',NULL,'3g',0,1,1,'2022-12-19 12:04:47','2022-12-19 12:04:47'),(91093,'MARC JACOBS DAISY 3 EDT 50ML',4,'10',42,NULL,'6100',NULL,'5ml',0,1,1,'2022-12-19 12:04:48','2022-12-19 12:04:48'),(91094,'MARC JACOBS DAISY 3 EDT 100ML',4,'10',42,NULL,'8400',NULL,'1ml',0,1,1,'2022-12-19 12:04:48','2022-12-19 12:04:48'),(91176,'KINDER CHOCOLATE T 4X3 X12',3,'6',14,NULL,'900',NULL,NULL,0,1,1,'2022-12-19 12:04:47','2022-12-19 12:04:47'),(91311,'GLEN DEVERON 16YO 1L',5,'21',98,NULL,'6700',NULL,'1L',0,1,1,'2022-12-19 12:04:49','2022-12-19 12:04:49'),(91371,'BVLGARI MAN IN BLACK EDP 100ML',4,'9',27,NULL,'9700',NULL,'1ml',0,1,1,'2022-12-19 12:04:47','2022-12-19 12:04:47'),(92151,'BOSS MA VIE EDP VAPO 75ML',4,'10',25,NULL,'7700',NULL,'75ml',0,1,1,'2022-12-19 12:04:47','2022-12-19 12:04:47'),(94063,'CHLOE 4 EDP 75ML',4,'10',29,NULL,'10100',NULL,'75ml',0,1,1,'2022-12-19 12:04:47','2022-12-19 12:04:47'),(96535,'DEWARS 18YO 1L',5,'19',94,NULL,'9000',NULL,'1L',0,1,1,'2022-12-19 12:04:49','2022-12-19 12:04:49'),(97562,'KK SHRNG BAGS BREAK TIME 517g',3,'6',16,NULL,'1200',NULL,'517g',0,1,1,'2022-12-19 12:04:47','2022-12-19 12:04:47'),(97563,'KK 2F MIX SHRNG BAG 478g',3,'6',16,NULL,'1200',NULL,'478g',0,1,1,'2022-12-19 12:04:47','2022-12-19 12:04:47'),(97777,'BVLGARI PETITS MAMANS EDT 100ML',4,'10',27,NULL,'5700',NULL,'1ml',0,1,1,'2022-12-19 12:04:47','2022-12-19 12:04:47'),(98626,'LANCOME RENERGIE MULTI LIFT DAY N',6,NULL,NULL,NULL,'18700',NULL,NULL,0,1,1,'2022-12-20 06:02:30','2022-12-20 06:02:30'),(98635,'PACO RABBANE  PACO EDT 100ML',4,'11',46,NULL,'2200',NULL,'1ml',0,1,1,'2022-12-19 12:04:48','2022-12-19 12:04:48'),(99214,'TONE TINY MONO BAG GOLD 272G',3,'6',10,NULL,'1300',NULL,'272g',0,1,1,'2022-12-19 12:04:47','2022-12-19 12:04:47'),(99215,'TONE TINY MONO BAG WHITE 272G',3,'6',10,NULL,'1300',NULL,'272g',0,1,1,'2022-12-19 12:04:47','2022-12-19 12:04:47'),(99495,'LANCOME HYDRA ZEN NEUROCALM CR ME',6,NULL,NULL,NULL,'5800',NULL,NULL,0,1,1,'2022-12-20 06:02:30','2022-12-20 06:02:30'),(99521,'DEWARS 15 YO 1L',5,'19',94,NULL,'4300',NULL,'1L',0,1,1,'2022-12-19 12:04:49','2022-12-19 12:04:49'),(100160,'PACO RABBANE  OLYMPEA EDP 80ML',4,'10',46,NULL,'8600',NULL,'8ml',0,1,1,'2022-12-19 12:04:48','2022-12-19 12:04:48'),(101015,'BOSS THE SCENT 100 ML EDT',4,'9',25,NULL,'7700',NULL,'1ml',0,1,1,'2022-12-19 12:04:47','2022-12-19 12:04:47'),(102470,'N.RODRIGUEZ NH 2015 BLEU NOIR EDT 50M',4,'9',45,NULL,'5800',NULL,'5ml',0,1,1,'2022-12-19 12:04:48','2022-12-19 12:04:48'),(102471,'N.RODRIGUEZ NH 15 EDT BLEU NOIR 100ML',4,'9',45,NULL,'8000',NULL,'1ml',0,1,1,'2022-12-19 12:04:48','2022-12-19 12:04:48'),(102472,'ISSEY MIYAKE Nuit EDP 75ml',4,'9',35,NULL,'6500',NULL,'75ml',0,1,1,'2022-12-19 12:04:48','2022-12-19 12:04:48'),(102473,'ISSEY MIYAKE Nuit EDP 125 ML',4,'9',35,NULL,'8900',NULL,'125ml',0,1,1,'2022-12-19 12:04:48','2022-12-19 12:04:48'),(102747,'SINGLETON CLASSIC 1L',5,'21',110,NULL,'5900',NULL,'1L',0,1,1,'2022-12-19 12:04:49','2022-12-19 12:04:49'),(103214,'AJMAL Blu Gift Set Deo EDP',4,'9',22,NULL,'3800',NULL,'2ml',0,1,1,'2022-12-19 12:04:47','2022-12-19 12:04:47'),(103424,'BAYARA ARBC MXD NUTS 300G',3,'8',20,NULL,'500',NULL,'3g',0,1,1,'2022-12-19 12:04:47','2022-12-19 12:04:47'),(103425,'BAYARA ARBC XTRA MXD NUTS 300G',3,'8',20,NULL,'600',NULL,'3g',0,1,1,'2022-12-19 12:04:47','2022-12-19 12:04:47'),(103426,'BAYARA ARBC MXD KRNL 300G',3,'8',20,NULL,'1200',NULL,'3g',0,1,1,'2022-12-19 12:04:47','2022-12-19 12:04:47'),(103428,'BAYARA MBRM DTES 400G',3,'8',20,NULL,'1200',NULL,'4g',0,1,1,'2022-12-19 12:04:47','2022-12-19 12:04:47'),(103429,'BAYARA SAGAI DTES 400G',3,'8',20,NULL,'900',NULL,'4g',0,1,1,'2022-12-19 12:04:47','2022-12-19 12:04:47'),(103915,'The GLENLIVET MDR3 Small Batch',5,'21',101,NULL,'11100',NULL,'1L',0,1,1,'2022-12-19 12:04:49','2022-12-19 12:04:49'),(103941,'JACOB S CREEK RSV PINOT NOIR',5,'16',88,NULL,'1600',NULL,'75cl',0,1,1,'2022-12-19 12:04:49','2022-12-19 12:04:49'),(104694,'MOSCHINO FRESH COUTURE EDT 100ML',4,'10',44,NULL,'6000',NULL,'1ml',0,1,1,'2022-12-19 12:04:48','2022-12-19 12:04:48'),(104793,'ARMANI GA AC PROFUMO EDP V60ML',4,'9',23,NULL,'8600',NULL,'6ml',0,1,1,'2022-12-19 12:04:47','2022-12-19 12:04:47'),(106089,'ROCHER T48 DEST PK TRVL',3,'6',8,NULL,'2300',NULL,NULL,0,1,1,'2022-12-19 12:04:47','2022-12-19 12:04:47'),(106137,'JPG LM EDT 125ML',4,'9',37,NULL,'7800',NULL,'125ml',0,1,1,'2022-12-19 12:04:48','2022-12-19 12:04:48'),(106138,'JPG CL EDT100ML',4,'10',37,NULL,'8700',NULL,'1ml',0,1,1,'2022-12-19 12:04:48','2022-12-19 12:04:48'),(106139,'JPG CL EDT 50ML',4,'10',37,NULL,'6200',NULL,'5ml',0,1,1,'2022-12-19 12:04:48','2022-12-19 12:04:48'),(106147,'JPG LM EDT 75ML',4,'9',37,NULL,'5700',NULL,'75ml',0,1,1,'2022-12-19 12:04:48','2022-12-19 12:04:48'),(107057,'TANQUERAY RANGPUR GIN 1L',5,'18',71,NULL,'2700',NULL,'1L',0,1,1,'2022-12-19 12:04:49','2022-12-19 12:04:49'),(107120,'CDM OREO TAB 300G',3,'6',17,NULL,'800',NULL,'3g',0,1,1,'2022-12-19 12:04:47','2022-12-19 12:04:47'),(107221,'STOLICHNAYA GOLD 1L',5,'22',128,NULL,'2200',NULL,'1L',0,1,1,'2022-12-19 12:04:49','2022-12-19 12:04:49'),(107222,'STOLICHNAYA ELIT 1L',5,'22',128,NULL,'4900',NULL,'1L',0,1,1,'2022-12-19 12:04:49','2022-12-19 12:04:49'),(110656,'ROYAL BRACKLA 16YO 70cl',5,'21',108,NULL,'9800',NULL,'1L',0,1,1,'2022-12-19 12:04:49','2022-12-19 12:04:49'),(112086,'THE GLENLIVET NADURRA OLOROSO',5,'21',101,NULL,'8100',NULL,'1L',0,1,1,'2022-12-19 12:04:49','2022-12-19 12:04:49'),(112190,'FAMOUS GROUSE GOLD RSRV 12YO 7',5,'19',97,NULL,'3300',NULL,'1L',0,1,1,'2022-12-19 12:04:49','2022-12-19 12:04:49'),(112377,'LACOSTE L 12 12 MAGNETIC EDT 100ML',4,'10',39,NULL,'6500',NULL,'1ml',0,1,1,'2022-12-19 12:04:48','2022-12-19 12:04:48'),(114410,'EMPERADOR DELUXE BRANDY 1L',5,'14',60,NULL,'1700',NULL,'1L',0,1,1,'2022-12-19 12:04:49','2022-12-19 12:04:49'),(116125,'CHATEAU EGLISE D ARMENS ST EMILION 75CL',5,'16',87,NULL,'3300',NULL,'75cl',0,1,1,'2022-12-19 12:04:49','2022-12-19 12:04:49'),(116727,'MAC PREPPRIME SKIN 30ML',1,'3',2,NULL,'3300',NULL,NULL,0,1,1,'2022-12-19 12:04:46','2022-12-19 12:04:46'),(117081,'MAC RETROMATTE LS RUBYWOO',1,'2',2,NULL,'2400',NULL,NULL,0,1,1,'2022-12-19 12:04:46','2022-12-19 12:04:46'),(117082,'MAC RETROMATTE LS RUNWAYHIT',1,'2',2,NULL,'2400',NULL,NULL,0,1,1,'2022-12-19 12:04:46','2022-12-19 12:04:46'),(117084,'MAC RETROMATTE LS RELENTLESSLYRED',1,'2',2,NULL,'2400',NULL,NULL,0,1,1,'2022-12-19 12:04:46','2022-12-19 12:04:46'),(117085,'MAC RETROMATTE LS ALLFIREDUP',1,'2',2,NULL,'2400',NULL,NULL,0,1,1,'2022-12-19 12:04:46','2022-12-19 12:04:46'),(117086,'MAC RETROMATTE LS FLATOUTFAB',1,'2',2,NULL,'2400',NULL,NULL,0,1,1,'2022-12-19 12:04:46','2022-12-19 12:04:46'),(117087,'MAC RETROMATTE LS DANGEROUS',1,'2',2,NULL,'2400',NULL,NULL,0,1,1,'2022-12-19 12:04:46','2022-12-19 12:04:46'),(117174,'MAC SATIN LS AMOROUS',1,'2',2,NULL,'2400',NULL,NULL,0,1,1,'2022-12-19 12:04:46','2022-12-19 12:04:46'),(117175,'MAC SATIN LS BRAVE',1,'2',2,NULL,'2400',NULL,NULL,0,1,1,'2022-12-19 12:04:46','2022-12-19 12:04:46'),(117176,'MAC SATIN LS CAPTIVE',1,'2',2,NULL,'2400',NULL,NULL,0,1,1,'2022-12-19 12:04:46','2022-12-19 12:04:46'),(117181,'MAC SATIN LS FAUX',1,'2',2,NULL,'2400',NULL,NULL,0,1,1,'2022-12-19 12:04:46','2022-12-19 12:04:46'),(117387,'MAC INEXTREME DIM LASH 3DBLACK',1,'1',2,NULL,'2800',NULL,NULL,0,1,1,'2022-12-19 12:04:46','2022-12-19 12:04:46'),(117389,'MAC INEXTREME DIM WP DIMBLACK',1,'1',2,NULL,'2800',NULL,NULL,0,1,1,'2022-12-19 12:04:46','2022-12-19 12:04:46'),(118036,'GDV MED TOWER NAP 450G',3,'6',5,NULL,'2900',NULL,'45g',0,1,1,'2022-12-19 12:04:47','2022-12-19 12:04:47'),(118399,'TURKEY FLAT BUTCHERS BLOCK RED',5,'16',84,NULL,'2500',NULL,'75cl',0,1,1,'2022-12-19 12:04:49','2022-12-19 12:04:49'),(118412,'BARONE RICASOLI CHIANTI DOCG',5,'16',87,NULL,'1700',NULL,'75cl',0,1,1,'2022-12-19 12:04:49','2022-12-19 12:04:49'),(118418,'OYSTER BAY MERLOT',5,'16',85,NULL,'2100',NULL,'75cl',0,1,1,'2022-12-19 12:04:49','2022-12-19 12:04:49'),(118437,'TORRES ATRIUM MERLOT PENEDES DO',5,'16',86,NULL,'1600',NULL,'75cl',0,1,1,'2022-12-19 12:04:49','2022-12-19 12:04:49'),(119380,'ARMANI GA EMPORIO BABEL HE EDT 50ML',4,'9',23,NULL,'6000',NULL,'5ml',0,1,1,'2022-12-19 12:04:47','2022-12-19 12:04:47'),(119381,'ARMANI GA EMPORIO BABEL HE EDT 100ML',4,'9',23,NULL,'7900',NULL,'1ml',0,1,1,'2022-12-19 12:04:47','2022-12-19 12:04:47'),(120033,'STELLA ARTOIS 12x33CL',5,'13',59,NULL,'2000',NULL,'12x33cl',0,1,1,'2022-12-19 12:04:49','2022-12-19 12:04:49'),(121086,'LACOSTE L HOMME EDT 100ML',4,'9',39,NULL,'6900',NULL,'1ml',0,1,1,'2022-12-19 12:04:48','2022-12-19 12:04:48'),(121615,'JPG SCANDAL EDP80ML',4,'10',37,NULL,'9000',NULL,'8ml',0,1,1,'2022-12-19 12:04:48','2022-12-19 12:04:48'),(121616,'JPG SCANDAL EDP50ML',4,'10',37,NULL,'7200',NULL,'5ml',0,1,1,'2022-12-19 12:04:48','2022-12-19 12:04:48'),(122453,'PIPER HEIDSIECK BRUT 75CL',5,'16',64,NULL,'5400',NULL,'75cl',0,1,1,'2022-12-19 12:04:49','2022-12-19 12:04:49'),(122459,'ZACAPA AMBER 1L',5,'17',76,NULL,'3500',NULL,'1L',0,1,1,'2022-12-19 12:04:49','2022-12-19 12:04:49'),(122735,'MOSCHINO FRESHGOLD EDP100ML',4,'10',44,NULL,'6600',NULL,'1ml',0,1,1,'2022-12-19 12:04:48','2022-12-19 12:04:48'),(123207,'R.CAVALLI FLORENCE EDP 50ML 18',4,'10',47,NULL,'7700',NULL,'5ml',0,1,1,'2022-12-19 12:04:48','2022-12-19 12:04:48'),(123208,'R.CAVALLI FLORENCE EDP 75ML 18',4,'10',47,NULL,'9400',NULL,'75ml',0,1,1,'2022-12-19 12:04:48','2022-12-19 12:04:48'),(123683,'BURBERRY BRIT SHEER EDT 100ML',4,'10',26,NULL,'6200',NULL,'1ml',0,1,1,'2022-12-19 12:04:47','2022-12-19 12:04:47'),(123689,'BURBERRY WOMEN\'S CLASSIC EDP 100ML / 3.4OZ',4,'10',26,NULL,'7700',NULL,'1ml',0,1,1,'2022-12-19 12:04:47','2022-12-19 12:04:47'),(123695,'BURBERRY MEN\'S WEEKEND EDT 100ML / 3.4OZ',4,'9',26,NULL,'4900',NULL,'1ml',0,1,1,'2022-12-19 12:04:47','2022-12-19 12:04:47'),(123697,'BURBERRY BRIT FOR HER EDP 100ML / 3.3 FL.OZ',4,'10',26,NULL,'7200',NULL,'1ml',0,1,1,'2022-12-19 12:04:47','2022-12-19 12:04:47'),(123699,'BURBERRY BRIT FOR HIM EDT 100ML / 3.3 FL.OZ.',4,'9',26,NULL,'6500',NULL,'1ml',0,1,1,'2022-12-19 12:04:47','2022-12-19 12:04:47'),(123714,'BURBERRY BRIT RHYTHM MEN EDT 90ML',4,'9',26,NULL,'5800',NULL,'9ml',0,1,1,'2022-12-19 12:04:47','2022-12-19 12:04:47'),(123717,'BURBERRY MY BBY EDP 90 ML / 3.0 FL.OZ.',4,'10',26,NULL,'11500',NULL,'9ml',0,1,1,'2022-12-19 12:04:47','2022-12-19 12:04:47'),(123730,'BURBERRY MY BBY BLACK 90 ML / 3.0 FL. OZ.',4,'10',26,NULL,'11500',NULL,'9ml',0,1,1,'2022-12-19 12:04:47','2022-12-19 12:04:47'),(123736,'BURBERRY MY BBY BLUSH EDP 90 ML/ 3.0 FL. OZ.',4,'10',26,NULL,'11500',NULL,'9ml',0,1,1,'2022-12-19 12:04:47','2022-12-19 12:04:47'),(123737,'BURBERRY MY BBY BLUSH EDP 50 ML / 1.6 FL. OZ.',4,'10',26,NULL,'8700',NULL,'5ml',0,1,1,'2022-12-19 12:04:47','2022-12-19 12:04:47'),(124024,'LONGMORN MALT DIST.CHOICE 70cl',5,'21',106,NULL,'5400',NULL,'7cl',0,1,1,'2022-12-19 12:04:49','2022-12-19 12:04:49'),(124045,'HERMES TWILLY DE HERMES 85ML',4,'10',34,NULL,'11300',NULL,'85ml',0,1,1,'2022-12-19 12:04:48','2022-12-19 12:04:48'),(124079,'HERMES TERRE D\'HERMS EDT  100ML',4,'9',34,NULL,'9000',NULL,'1ml',0,1,1,'2022-12-19 12:04:48','2022-12-19 12:04:48'),(124080,'HERMES TERRE D\'HERMS EDT  50ML',4,'9',34,NULL,'6800',NULL,'5ml',0,1,1,'2022-12-19 12:04:48','2022-12-19 12:04:48'),(124141,'LOCCITANE IMM DIVINE EYE BALM 15ML',6,NULL,NULL,NULL,'6200',NULL,NULL,0,1,1,'2022-12-20 06:02:30','2022-12-20 06:02:30'),(124142,'LOCCITANE IMM DIVINE CREAM 50ML',6,NULL,NULL,NULL,'8600',NULL,NULL,0,1,1,'2022-12-20 06:02:30','2022-12-20 06:02:30'),(124143,'LOCCITANE IMMORTELLE DIVINE EYES 15ML',6,NULL,NULL,NULL,'5400',NULL,NULL,0,1,1,'2022-12-20 06:02:30','2022-12-20 06:02:30'),(124144,'LOCCITANE DIVINE CLEANSING FOAM 125ML',6,NULL,NULL,NULL,'3300',NULL,NULL,0,1,1,'2022-12-20 06:02:30','2022-12-20 06:02:30'),(124145,'LOCCITANE DIVINE YOUTH OIL 30ML US/JAPAN',6,NULL,NULL,NULL,'8600',NULL,NULL,0,1,1,'2022-12-20 06:02:30','2022-12-20 06:02:30'),(124146,'LOCCITANE DIVIN EXTRACT 30 ML US/JAPAN',6,NULL,NULL,NULL,'8800',NULL,NULL,0,1,1,'2022-12-20 06:02:30','2022-12-20 06:02:30'),(124160,'LOCCITANE SHEA INTENSE HAND BALM 150ML',6,NULL,NULL,NULL,'2500',NULL,NULL,0,1,1,'2022-12-20 06:02:30','2022-12-20 06:02:30'),(124165,'LOCCITANE SHEA RICH BODY LOTION 250ML',6,NULL,NULL,NULL,'2600',NULL,NULL,0,1,1,'2022-12-20 06:02:30','2022-12-20 06:02:30'),(124187,'LOCCITANE CITRUS VERBENA STICK DEO 50G',4,'10',41,NULL,'1700',NULL,'5g',0,1,1,'2022-12-19 12:04:48','2022-12-19 12:04:48'),(124223,'LOCCITANE PINK FLOWERS HAND CREAM TRIO',6,NULL,NULL,NULL,'4500',NULL,NULL,0,1,1,'2022-12-20 06:02:30','2022-12-20 06:02:30'),(125468,'ISSEY MIYAKE EI PURE EDP NECTAR 50ML',4,'10',35,NULL,'7800',NULL,'5ml',0,1,1,'2022-12-19 12:04:48','2022-12-19 12:04:48'),(125469,'ISSEY MIYAKE EI PURE EDP NECTAR 90ML',4,'10',35,NULL,'10300',NULL,'9ml',0,1,1,'2022-12-19 12:04:48','2022-12-19 12:04:48'),(125507,'BENEFIT BADGAL BANG MASCARA',1,'1',1,NULL,'2600',NULL,'8.5g',0,1,1,'2022-12-19 12:04:46','2022-12-19 12:04:46'),(125605,'BENEFIT BENETINT FM TNT',1,'2',1,NULL,'3100',NULL,'1ml',0,1,1,'2022-12-19 12:04:46','2022-12-19 12:04:46'),(127424,'KIEHLS MIDNIGHT RECOVERY EYE 15ML',6,NULL,NULL,NULL,'3500',NULL,NULL,0,1,1,'2022-12-20 06:02:30','2022-12-20 06:02:30'),(127425,'KIEHLS MIDNIGHT RECOVERY CLEANSING OIL 180ML',6,NULL,NULL,NULL,'3300',NULL,NULL,0,1,1,'2022-12-20 06:02:30','2022-12-20 06:02:30'),(127427,'KIEHLS DAILY REVIVING CONC  30ML',6,NULL,NULL,NULL,'4500',NULL,NULL,0,1,1,'2022-12-20 06:02:30','2022-12-20 06:02:30'),(127428,'KIEHLS DAILY REVIVING CONC  50ML',6,NULL,NULL,NULL,'6500',NULL,NULL,0,1,1,'2022-12-20 06:02:30','2022-12-20 06:02:30'),(127441,'KIEHLS PRECISION LIFTING & PT CONC  75ML',6,NULL,NULL,NULL,'8300',NULL,NULL,0,1,1,'2022-12-20 06:02:30','2022-12-20 06:02:30'),(127448,'KIEHLS CC DARK SPOT SOLUTION 50ML',6,NULL,NULL,NULL,'7200',NULL,NULL,0,1,1,'2022-12-20 06:02:30','2022-12-20 06:02:30'),(127459,'KIEHLS DERM ACNE ACNE FACE TREATMENT INTL',6,NULL,NULL,NULL,'3900',NULL,NULL,0,1,1,'2022-12-20 06:02:30','2022-12-20 06:02:30'),(127464,'KIEHLS CLEARLY CORRECTIVE WHITE CREAM 100ML',6,NULL,NULL,NULL,'12000',NULL,NULL,0,1,1,'2022-12-20 06:02:30','2022-12-20 06:02:30'),(127498,'KIEHLS SKIN RESCUER 75ML',6,NULL,NULL,NULL,'3900',NULL,NULL,0,1,1,'2022-12-20 06:02:30','2022-12-20 06:02:30'),(127519,'KIEHLS CACTUS FLOWER MIST 75ML',6,NULL,NULL,NULL,'2000',NULL,NULL,0,1,1,'2022-12-20 06:02:30','2022-12-20 06:02:30'),(127523,'KIEHLS AGE DEFENDER POWER SERUM 75ML',6,NULL,NULL,NULL,'5800',NULL,NULL,0,1,1,'2022-12-20 06:02:30','2022-12-20 06:02:30'),(127526,'KIEHLS FACIAL FUEL ENERGIZING FACE WASH BOTTLE 5',6,NULL,NULL,NULL,'2900',NULL,NULL,0,1,1,'2022-12-20 06:02:30','2022-12-20 06:02:30'),(127528,'KIEHLS FACIAL FUEL ENERGIZING TONIC 250ML',6,NULL,NULL,NULL,'2400',NULL,NULL,0,1,1,'2022-12-20 06:02:30','2022-12-20 06:02:30'),(127529,'KIEHLS FACIAL FUEL EMT FOR MEN 200ML',6,NULL,NULL,NULL,'5600',NULL,NULL,0,1,1,'2022-12-20 06:02:30','2022-12-20 06:02:30'),(127530,'KIEHLS FACIAL FUEL EMT FOR MEN  125ML',6,NULL,NULL,NULL,'3800',NULL,NULL,0,1,1,'2022-12-20 06:02:30','2022-12-20 06:02:30'),(127552,'KIEHLS 24-HOUR ANTI-SHINE GEL LOTION 125ML',6,NULL,NULL,NULL,'3900',NULL,NULL,0,1,1,'2022-12-20 06:02:30','2022-12-20 06:02:30'),(127595,'KIEHLS AMINO ACID CONDITIONER 75ML',6,NULL,NULL,NULL,'1000',NULL,NULL,0,1,1,'2022-12-20 06:02:30','2022-12-20 06:02:30'),(127596,'KIEHLS AMINO ACID CONDITIONER 200ML',6,NULL,NULL,NULL,'2500',NULL,NULL,0,1,1,'2022-12-20 06:02:30','2022-12-20 06:02:30'),(127597,'KIEHLS AMINO ACID CONDITIONER 500ML',6,NULL,NULL,NULL,'3500',NULL,NULL,0,1,1,'2022-12-20 06:02:30','2022-12-20 06:02:30'),(127606,'KIEHLS OLIVE FON  CONDITIONER 500ML',6,NULL,NULL,NULL,'3500',NULL,NULL,0,1,1,'2022-12-20 06:02:30','2022-12-20 06:02:30'),(127607,'KIEHLS OLIVE FO DEEPLY REPAIRATIVE HAIR PAK 250M',6,NULL,NULL,NULL,'3800',NULL,NULL,0,1,1,'2022-12-20 06:02:30','2022-12-20 06:02:30'),(127633,'KIEHLS CUCUMBER HERBAL CONDITIONING CLNSR',6,NULL,NULL,NULL,'2000',NULL,NULL,0,1,1,'2022-12-20 06:02:30','2022-12-20 06:02:30'),(129777,'MILKA LU POUCH 350G',3,'6',13,NULL,'1500',NULL,'35g',0,1,1,'2022-12-19 12:04:47','2022-12-19 12:04:47'),(129913,'ARMANI GA ADGH ABSOLU EDP V75ML',4,'9',23,NULL,'8900',NULL,'75ml',0,1,1,'2022-12-19 12:04:47','2022-12-19 12:04:47'),(129914,'ARMANI GA ADGH ABSOLU EDP V125ML',4,'9',23,NULL,'12300',NULL,'125ml',0,1,1,'2022-12-19 12:04:47','2022-12-19 12:04:47'),(129946,'RALPH LAUREN PBCK 75ML EDT FG G',4,'9',48,NULL,'6100',NULL,'75ml',0,1,1,'2022-12-19 12:04:48','2022-12-19 12:04:48'),(129993,'JIMMY CHOO  EDP 100ML',4,'10',36,NULL,'8600',NULL,'1ml',0,1,1,'2022-12-19 12:04:48','2022-12-19 12:04:48'),(129994,'JIMMY CHOO  EDP 60ML',4,'10',36,NULL,'6200',NULL,'6ml',0,1,1,'2022-12-19 12:04:48','2022-12-19 12:04:48'),(130160,'GLEN TURNER 12YO 70cl',5,'21',113,NULL,'4300',NULL,'7cl',0,1,1,'2022-12-19 12:04:49','2022-12-19 12:04:49'),(131210,'LACOSTE F INTENSE RG 50ML 18 IV',4,'10',39,NULL,'5500',NULL,'5ml',0,1,1,'2022-12-19 12:04:48','2022-12-19 12:04:48'),(131211,'LACOSTE F INTENSE RG 90ML 18 IV',4,'10',39,NULL,'7500',NULL,'9ml',0,1,1,'2022-12-19 12:04:48','2022-12-19 12:04:48'),(131737,'PACO RABBANE  1MILLION LUCKY EDT100ML',4,'9',46,NULL,'7600',NULL,'1ml',0,1,1,'2022-12-19 12:04:48','2022-12-19 12:04:48'),(132035,'KENZO AQUAKENZO PF EDT100ML',4,'10',38,NULL,'7000',NULL,'1ml',0,1,1,'2022-12-19 12:04:48','2022-12-19 12:04:48'),(132044,'KENZO AQUAKENZO PH EDT100ML',4,'9',38,NULL,'7000',NULL,'1ml',0,1,1,'2022-12-19 12:04:48','2022-12-19 12:04:48'),(133400,'CHLOE NOMADE 5 RG EDP 75ML 17 IV',4,'10',29,NULL,'10100',NULL,'75ml',0,1,1,'2022-12-19 12:04:48','2022-12-19 12:04:48'),(137096,'BOSS BOTTLED TONIC EDT100ML',4,'9',25,NULL,'7100',NULL,'1ml',0,1,1,'2022-12-19 12:04:47','2022-12-19 12:04:47'),(137098,'BOSS BOTTLED TONIC EDT 50ML',4,'9',25,NULL,'5500',NULL,'5ml',0,1,1,'2022-12-19 12:04:47','2022-12-19 12:04:47'),(137102,'BOSS THE SCENT 200ML EDT',4,'9',25,NULL,'11100',NULL,'2ml',0,1,1,'2022-12-19 12:04:47','2022-12-19 12:04:47'),(137114,'LACOSTE MAGNETIC EDL L.12.12 EDT50ML',4,'9',39,NULL,'4900',NULL,'5ml',0,1,1,'2022-12-19 12:04:48','2022-12-19 12:04:48'),(138101,'RAYDAN  AGAR OUD 50 ML PERFUME',4,'11',49,NULL,'10700',NULL,'5ml',0,1,1,'2022-12-19 12:04:48','2022-12-19 12:04:48'),(138105,'RAYDAN R.OPERA 100 ML PERFUME',4,'11',49,NULL,'12200',NULL,'1ml',0,1,1,'2022-12-19 12:04:48','2022-12-19 12:04:48'),(138109,'RAYDAN RENAISSANCE 100 ML PERFUME',4,'11',49,NULL,'14400',NULL,'1ml',0,1,1,'2022-12-19 12:04:48','2022-12-19 12:04:48'),(142815,'EDINBURGH CRAFT GIN 1L',5,'18',72,NULL,'3600',NULL,'1L',0,1,1,'2022-12-19 12:04:49','2022-12-19 12:04:49'),(142816,'EDINBURGH SEASIDE CRAFT GIN 1L',5,'18',72,NULL,'4200',NULL,'1L',0,1,1,'2022-12-19 12:04:49','2022-12-19 12:04:49'),(143252,'HERMES TERRE D\'HERMS EAU DE PARFUM VAP 100ML',4,'9',34,NULL,'9900',NULL,'1ml',0,1,1,'2022-12-19 12:04:48','2022-12-19 12:04:48'),(143257,'BVLGARI MAN WOOD ESSENCE EDP 100ML',4,'9',27,NULL,'9800',NULL,'1ml',0,1,1,'2022-12-19 12:04:47','2022-12-19 12:04:47'),(143481,'GIVENCHY  LINTERDIT EDP 50ML',4,'10',33,NULL,'8100',NULL,'5ml',0,1,1,'2022-12-19 12:04:48','2022-12-19 12:04:48'),(143482,'GIVENCHY  LINTERDIT EDP 80ML',4,'10',33,NULL,'10000',NULL,'8ml',0,1,1,'2022-12-19 12:04:48','2022-12-19 12:04:48'),(146141,'LACOSTE LHOMME INTENSE EDT 100ML',4,'9',39,NULL,'7500',NULL,'1ml',0,1,1,'2022-12-19 12:04:48','2022-12-19 12:04:48'),(147312,'KIEHLS FF EYE FUEL 15ML',6,NULL,NULL,NULL,'2500',NULL,NULL,0,1,1,'2022-12-20 06:02:30','2022-12-20 06:02:30'),(147315,'KIEHLS BUTTERMASK 13.5ML',6,NULL,NULL,NULL,'2300',NULL,NULL,0,1,1,'2022-12-20 06:02:30','2022-12-20 06:02:30'),(151168,'MORTLACH 14YO 70cl',5,'21',112,NULL,'8000',NULL,'7cl',0,1,1,'2022-12-19 12:04:49','2022-12-19 12:04:49'),(151171,'TANQUERAY SEVILLA 1L',5,'18',71,NULL,'2700',NULL,'1L',0,1,1,'2022-12-19 12:04:49','2022-12-19 12:04:49'),(151172,'TANQUERAY MALACCA 1L',5,'18',71,NULL,'2700',NULL,'1L',0,1,1,'2022-12-19 12:04:49','2022-12-19 12:04:49'),(151174,'ZACAPA 23YO 1L',5,'17',76,NULL,'6100',NULL,'1L',0,1,1,'2022-12-19 12:04:49','2022-12-19 12:04:49'),(153204,'COACH FLORAL EDP90 ML',4,'10',32,NULL,'7000',NULL,'9ml',0,1,1,'2022-12-19 12:04:48','2022-12-19 12:04:48'),(155189,'CAD BIG TASTE CHO BISC 300G',3,'6',17,NULL,'800',NULL,'3g',0,1,1,'2022-12-19 12:04:47','2022-12-19 12:04:47'),(155259,'KNDR SRPSE MXI KLR MNSTRS 100G',3,'6',14,NULL,'900',NULL,NULL,0,1,1,'2022-12-19 12:04:47','2022-12-19 12:04:47'),(155261,'KNDR HPPY MMNTS T61',3,'6',14,NULL,'1100',NULL,NULL,0,1,1,'2022-12-19 12:04:47','2022-12-19 12:04:47'),(156189,'N.RODRIGUEZ FH -19-EDP PURE MUSC 50ML',4,'10',45,NULL,'8000',NULL,'5ml',0,1,1,'2022-12-19 12:04:48','2022-12-19 12:04:48'),(156190,'N.RODRIGUEZ FOR HER19 PURE MUSC EDP 100ML',4,'10',45,NULL,'10700',NULL,'1ml',0,1,1,'2022-12-19 12:04:48','2022-12-19 12:04:48'),(156319,'ISLE OF JURA THE LOCH MALT 70CL',5,'21',114,NULL,'7800',NULL,'7cl',0,1,1,'2022-12-19 12:04:49','2022-12-19 12:04:49'),(156777,'CHLOE NOM EDT NS 75ML 19 IV',4,'10',29,NULL,'9100',NULL,'75ml',0,1,1,'2022-12-19 12:04:47','2022-12-19 12:04:47'),(158453,'MONT BLANC  EXPLORER EDP 100ML',4,'9',43,NULL,'7000',NULL,'1ml',0,1,1,'2022-12-19 12:04:48','2022-12-19 12:04:48'),(158454,'MONT BLANC  EXPLORER EDP 60ML',4,'9',43,NULL,'5600',NULL,'6ml',0,1,1,'2022-12-19 12:04:48','2022-12-19 12:04:48'),(159181,'KNDR MIX G155 TWSTR BOX',3,'6',14,NULL,'1000',NULL,NULL,0,1,1,'2022-12-19 12:04:47','2022-12-19 12:04:47'),(159450,'AJMAL Evoke Gold Him 90 ml',4,'9',22,NULL,'3000',NULL,'9ml',0,1,1,'2022-12-19 12:04:47','2022-12-19 12:04:47'),(160032,'CAD BISC RNDIES PCH 360G',3,'6',17,NULL,'1600',NULL,'36g',0,1,1,'2022-12-19 12:04:47','2022-12-19 12:04:47'),(160033,'CAD BISC MINI FNGR PCH 320G',3,'6',17,NULL,'1600',NULL,'32g',0,1,1,'2022-12-19 12:04:47','2022-12-19 12:04:47'),(160054,'KIEHLS CALENDULA HERB EXTRA TONE 500ML SET',6,NULL,NULL,NULL,'11700',NULL,NULL,0,1,1,'2022-12-20 06:02:30','2022-12-20 06:02:30'),(160074,'ARMANI GA ACH ABSOLU V60ML',4,'9',23,NULL,'8600',NULL,'6ml',0,1,1,'2022-12-19 12:04:47','2022-12-19 12:04:47'),(160090,'KIEHLS CALENDULA WATER CREAM 50ML',6,NULL,NULL,NULL,'4500',NULL,NULL,0,1,1,'2022-12-20 06:02:30','2022-12-20 06:02:30'),(160091,'KIEHLS CALENDULA WATER CREAM 100ML',6,NULL,NULL,NULL,'8000',NULL,NULL,0,1,1,'2022-12-20 06:02:30','2022-12-20 06:02:30'),(162754,'KNDR SRPRSE IMBTO SPL EDTN T6',3,'6',14,NULL,'1700',NULL,NULL,0,1,1,'2022-12-19 12:04:47','2022-12-19 12:04:47'),(163103,'CARLSBERG CANS 33cl',5,'13',57,NULL,'1600',NULL,'12x33cl',0,1,1,'2022-12-19 12:04:49','2022-12-19 12:04:49'),(163104,'BUDWEISSER CANS 35.5cl',5,'13',58,NULL,'1800',NULL,'33.5cl',0,1,1,'2022-12-19 12:04:49','2022-12-19 12:04:49'),(164226,'RAYDAN  BRAISEM HAIRMIST 50ML',4,'11',49,NULL,'4900',NULL,'5ml',0,1,1,'2022-12-19 12:04:48','2022-12-19 12:04:48'),(164227,'RAYDAN RENAISSANCE HAIRMIST 50ML',4,'11',49,NULL,'4900',NULL,'5ml',0,1,1,'2022-12-19 12:04:48','2022-12-19 12:04:48'),(164229,'RAYDAN  FOREST CARDAMOM PERFUME 100ML',4,'11',49,NULL,'10000',NULL,'1ml',0,1,1,'2022-12-19 12:04:48','2022-12-19 12:04:48'),(164233,'RAYDAN  LILLY LINEN PERFUME 250ML',4,'11',49,NULL,'2000',NULL,'25ml',0,1,1,'2022-12-19 12:04:48','2022-12-19 12:04:48'),(164625,'BENEFIT BADGAL BANG PENCIL  BLACK',1,'1',1,NULL,'1900',NULL,'.25g',0,1,1,'2022-12-19 12:04:46','2022-12-19 12:04:46'),(164828,'KK SENSES MINI DSSRTS 202g',3,'6',16,NULL,'700',NULL,'22g',0,1,1,'2022-12-19 12:04:47','2022-12-19 12:04:47'),(165114,'LANCOME IDOLE B50ML',4,'10',40,NULL,'8700',NULL,'5ml',0,1,1,'2022-12-19 12:04:48','2022-12-19 12:04:48'),(165115,'LANCOME IDOLE B75ML',4,'10',40,NULL,'9600',NULL,'75ml',0,1,1,'2022-12-19 12:04:48','2022-12-19 12:04:48'),(165206,'MOSCHINO EAU DE PARFUM NATURAL SPRAY 100 ML',4,'10',44,NULL,'6600',NULL,'1ml',0,1,1,'2022-12-19 12:04:48','2022-12-19 12:04:48'),(165309,'CK ET EDP M RG EDP 200ML IV',4,'9',31,NULL,'9100',NULL,'2ml',0,1,1,'2022-12-19 12:04:48','2022-12-19 12:04:48'),(165311,'CK ET EDP M EDP RG 100ML 19IV',4,'9',31,NULL,'7300',NULL,'1ml',0,1,1,'2022-12-19 12:04:48','2022-12-19 12:04:48'),(165332,'TIFFANY MAST RG M EDT 75ML 19 IV',4,'9',50,NULL,'8000',NULL,'75ml',0,1,1,'2022-12-19 12:04:48','2022-12-19 12:04:48'),(165341,'BOSS SCENT AB W RG EDP 50ML 19 IV',4,'10',25,NULL,'7700',NULL,'5ml',0,1,1,'2022-12-19 12:04:47','2022-12-19 12:04:47'),(165343,'BOSS SCENT AB M RG EDP 50ML 19 IV',4,'9',25,NULL,'6100',NULL,'5ml',0,1,1,'2022-12-19 12:04:47','2022-12-19 12:04:47'),(165344,'BOSS SCENT AB M RG EDP 100ML 19 IV',4,'9',25,NULL,'7700',NULL,'1ml',0,1,1,'2022-12-19 12:04:47','2022-12-19 12:04:47'),(166140,'BVLGARI ROSE GOLDEA BLOSSOM DELIGHT 75ML EDP',4,'10',27,NULL,'9400',NULL,'75ml',0,1,1,'2022-12-19 12:04:47','2022-12-19 12:04:47'),(166396,'LOCCITANE PETIT REMEDY 15GR',6,NULL,NULL,NULL,'1300',NULL,NULL,0,1,1,'2022-12-20 06:02:30','2022-12-20 06:02:30'),(166539,'BENEFIT GOGO TINT 6ML',1,'2',1,NULL,'1800',NULL,'6ml',0,1,1,'2022-12-19 12:04:46','2022-12-19 12:04:46'),(166663,'COPPER DOG BLENDED MALT 1L',5,'19',118,NULL,'3800',NULL,'1L',0,1,1,'2022-12-19 12:04:49','2022-12-19 12:04:49'),(167035,'MILKA ALP MLK MINI PCH 405G',3,'6',13,NULL,'1500',NULL,'45g',0,1,1,'2022-12-19 12:04:47','2022-12-19 12:04:47'),(167036,'MILKA WHL NT MINI PCH 405G',3,'6',13,NULL,'1500',NULL,'45g',0,1,1,'2022-12-19 12:04:47','2022-12-19 12:04:47'),(167039,'CUTTY SARK BLENDED WHISKY 1L',5,'19',121,NULL,'1800',NULL,'1L',0,1,1,'2022-12-19 12:04:49','2022-12-19 12:04:49'),(167473,'BENEFIT BENETINT 6ML',1,'2',1,NULL,'1800',NULL,'6ml',0,1,1,'2022-12-19 12:04:46','2022-12-19 12:04:46'),(167981,'JIMMY CHOO  FLORAL EDT 90 ML',4,'10',36,NULL,'7600',NULL,'9ml',0,1,1,'2022-12-19 12:04:48','2022-12-19 12:04:48'),(169097,'AJMAL Aurum Winter EDP 75 ml',4,'11',22,NULL,'3300',NULL,'75ml',0,1,1,'2022-12-19 12:04:47','2022-12-19 12:04:47'),(169254,'PATRON ANEJO TEQUILA 1L',5,'20',82,NULL,'6200',NULL,'1L',0,1,1,'2022-12-19 12:04:49','2022-12-19 12:04:49'),(169255,'PATRON SILVER TEQUILA 1L',5,'20',82,NULL,'5000',NULL,'1L',0,1,1,'2022-12-19 12:04:49','2022-12-19 12:04:49'),(169350,'GIVENCHY  GENTLEMAN EDP BOISE 100ML',4,'9',33,NULL,'9200',NULL,'1ml',0,1,1,'2022-12-19 12:04:48','2022-12-19 12:04:48'),(169656,'PACO RABBANE  1M PERFUM 100ML EDP',4,'9',46,NULL,'8000',NULL,'1ml',0,1,1,'2022-12-19 12:04:48','2022-12-19 12:04:48'),(169657,'PACO RABBANE  1M PERFUM 50ML EDP',4,'9',46,NULL,'6100',NULL,'5ml',0,1,1,'2022-12-19 12:04:48','2022-12-19 12:04:48'),(169823,'GIVENCHY  GENTLEMAN EDP BOISE 60ML RL',4,'9',33,NULL,'7200',NULL,'6ml',0,1,1,'2022-12-19 12:04:48','2022-12-19 12:04:48'),(169828,'KENZO  FBK POPPY BOUQUET EDP 50ML',4,'10',38,NULL,'5800',NULL,'5ml',0,1,1,'2022-12-19 12:04:48','2022-12-19 12:04:48'),(169829,'KENZO  FBK POPPY BOUQUET EDP 100ML',4,'10',38,NULL,'8200',NULL,'1ml',0,1,1,'2022-12-19 12:04:48','2022-12-19 12:04:48'),(170196,'JACK DANIELS BLACK No 7 1L',5,'15',61,NULL,'3100',NULL,'1L',0,1,1,'2022-12-19 12:04:49','2022-12-19 12:04:49'),(170200,'JACK DANIELS HONEY',5,'15',61,NULL,'3000',NULL,'1L',0,1,1,'2022-12-19 12:04:49','2022-12-19 12:04:49'),(170201,'JACK DANIELS FIRE 1L',5,'15',61,NULL,'3000',NULL,'1L',0,1,1,'2022-12-19 12:04:49','2022-12-19 12:04:49'),(170202,'JACK DANIELS BOTTLED IN BOND 1L',5,'15',61,NULL,'3400',NULL,'1L',0,1,1,'2022-12-19 12:04:49','2022-12-19 12:04:49'),(170203,'JACK DANIELS NO 27 GOLD 70CL',5,'15',61,NULL,'7500',NULL,'7cl',0,1,1,'2022-12-19 12:04:49','2022-12-19 12:04:49'),(170205,'WOODFORD RESERVE 1L',5,'15',62,NULL,'4200',NULL,'1L',0,1,1,'2022-12-19 12:04:49','2022-12-19 12:04:49'),(170297,'VALENTINO ECHO EDP V 50ML',4,'10',51,NULL,'8900',NULL,'5ml',0,1,1,'2022-12-19 12:04:49','2022-12-19 12:04:49'),(170298,'VALENTINO ECHO EDP V 100ML',4,'10',51,NULL,'12600',NULL,'1ml',0,1,1,'2022-12-19 12:04:49','2022-12-19 12:04:49'),(170307,'ARMANI ERA MY WAY EDP V50ML',4,'10',23,NULL,'8300',NULL,'5ml',0,1,1,'2022-12-19 12:04:47','2022-12-19 12:04:47'),(170308,'ARMANI ERA EDP MY WAY V90ML',4,'10',23,NULL,'11700',NULL,'9ml',0,1,1,'2022-12-19 12:04:47','2022-12-19 12:04:47'),(170317,'C.HERERRA GOOD GIRL EDP SUPREME 80ML',4,'10',28,NULL,'11100',NULL,'8ml',0,1,1,'2022-12-19 12:04:47','2022-12-19 12:04:47'),(170358,'GIVENCHY IRR EDP 80ML',4,'10',33,NULL,'10000',NULL,'8ml',0,1,1,'2022-12-19 12:04:48','2022-12-19 12:04:48'),(170359,'GIVENCHY IRR EDP 50ML',4,'10',33,NULL,'8100',NULL,'5ml',0,1,1,'2022-12-19 12:04:48','2022-12-19 12:04:48'),(170361,'HERMES MH20 EDT NATURAL SPRAY 100ML',4,'9',34,NULL,'8700',NULL,'1ml',0,1,1,'2022-12-19 12:04:48','2022-12-19 12:04:48'),(170362,'HERMES MH20 EDT NATURAL SPRAY 50ML',4,'9',34,NULL,'6600',NULL,'5ml',0,1,1,'2022-12-19 12:04:48','2022-12-19 12:04:48'),(170444,'LOCCITANE BAUX STICK DEODORANT 75G',4,'9',41,NULL,'1700',NULL,'75g',0,1,1,'2022-12-19 12:04:48','2022-12-19 12:04:48'),(170545,'PACO RABANNE INVICTUS VICTORY EDP 100ML',4,'9',46,NULL,'8300',NULL,'1ml',0,1,1,'2022-12-19 12:04:48','2022-12-19 12:04:48'),(170548,'WILLIAM GRANTS TRIPLE WOOD 1L',5,'19',77,NULL,'2000',NULL,'1L',0,1,1,'2022-12-19 12:04:49','2022-12-19 12:04:49'),(170551,'WILLIAM GRANTS DIST EDITN 1L',5,'19',77,NULL,'2100',NULL,'1L',0,1,1,'2022-12-19 12:04:49','2022-12-19 12:04:49'),(170552,'TULLAMORE DEW IRISH WHISKEY 1L',5,'15',78,NULL,'2300',NULL,'1L',0,1,1,'2022-12-19 12:04:49','2022-12-19 12:04:49'),(170554,'MONKEY SHOULDER 1L',5,'19',120,NULL,'4000',NULL,'1L',0,1,1,'2022-12-19 12:04:49','2022-12-19 12:04:49'),(170556,'HENDRICKS GIN 1L',5,'18',73,NULL,'4000',NULL,'1L',0,1,1,'2022-12-19 12:04:49','2022-12-19 12:04:49'),(170558,'GLENFIDDICH SELECT CASK 1L',5,'21',111,NULL,'5100',NULL,'1L',0,1,1,'2022-12-19 12:04:49','2022-12-19 12:04:49'),(170565,'GLENFIDDICH MALT 18YO 70cl',5,'21',111,NULL,'8900',NULL,'7cl',0,1,1,'2022-12-19 12:04:49','2022-12-19 12:04:49'),(170684,'LACOSTE MATCH POINT M EDT 100ML',4,'9',39,NULL,'7100',NULL,'1ml',0,1,1,'2022-12-19 12:04:48','2022-12-19 12:04:48'),(170692,'BOSS HB SCENT FRESH ACCORD WOMAN EDT 50ML',4,'10',25,NULL,'7300',NULL,'5ml',0,1,1,'2022-12-19 12:04:47','2022-12-19 12:04:47'),(170693,'BOSS HB SCENT FRESH ACCORD WOMAN EDT 100ML',4,'10',25,NULL,'9600',NULL,'1ml',0,1,1,'2022-12-19 12:04:47','2022-12-19 12:04:47'),(170699,'BVLGARI MAN GLACIAL ESSENCE 100ML EDP',4,'9',27,NULL,'9700',NULL,'1ml',0,1,1,'2022-12-19 12:04:47','2022-12-19 12:04:47'),(170766,'NARCISO  - AMBRE EDP 90 ML',4,'11',45,NULL,'10400',NULL,'9ml',0,1,1,'2022-12-19 12:04:48','2022-12-19 12:04:48'),(170776,'KENZO FLOWER BY KENZO EAU DE TOILETTE 50ML',4,'10',38,NULL,'5100',NULL,'5ml',0,1,1,'2022-12-19 12:04:48','2022-12-19 12:04:48'),(170777,'KENZO FLOWER BY KENZO EAU DE TOILETTE 100ML',4,'10',38,NULL,'7100',NULL,'1ml',0,1,1,'2022-12-19 12:04:48','2022-12-19 12:04:48'),(170779,'GIVENCHY L\'INTERDIT EDPI 80ML',4,'10',33,NULL,'10800',NULL,'8ml',0,1,1,'2022-12-19 12:04:48','2022-12-19 12:04:48'),(170821,'VALENTINO UOMO EDT 150ML/LO',4,'9',51,NULL,'11300',NULL,'15ml',0,1,1,'2022-12-19 12:04:49','2022-12-19 12:04:49'),(170822,'VALENTINO UOMO INTENSE EDP 100ML/LO',4,'9',51,NULL,'10100',NULL,'1ml',0,1,1,'2022-12-19 12:04:49','2022-12-19 12:04:49'),(170823,'VALENTINO UOMO INTENSE EDP 50ML/LO',4,'9',51,NULL,'7600',NULL,'5ml',0,1,1,'2022-12-19 12:04:49','2022-12-19 12:04:49'),(170825,'VALENTINO BIR DONNA EDP 100ML',4,'10',51,NULL,'12600',NULL,'1ml',0,1,1,'2022-12-19 12:04:48','2022-12-19 12:04:48'),(170826,'VALENTINO BIR UOMO EDT 50ML',4,'9',51,NULL,'6600',NULL,'5ml',0,1,1,'2022-12-19 12:04:48','2022-12-19 12:04:48'),(170827,'VALENTINO BIR UOMO EDT 100ML',4,'9',51,NULL,'8800',NULL,'1ml',0,1,1,'2022-12-19 12:04:48','2022-12-19 12:04:48'),(170829,'VALENTINO BORN N ROMA YELLOWDREAM DONNA EDP100ML',4,'10',51,NULL,'12600',NULL,'1ml',0,1,1,'2022-12-19 12:04:48','2022-12-19 12:04:48'),(170830,'VALENTINO BORN N ROMA YELLOWDREAM UOMO EDP50ML',4,'9',51,NULL,'6600',NULL,'5ml',0,1,1,'2022-12-19 12:04:49','2022-12-19 12:04:49'),(170831,'VALENTINO BORN N ROMA YELLOWDREAM UOMO EDP100ML',4,'9',51,NULL,'8800',NULL,'1ml',0,1,1,'2022-12-19 12:04:48','2022-12-19 12:04:48'),(170907,'LANCOME IDOLE L INTENSE SP 50ML',4,'10',40,NULL,'9600',NULL,'5ml',0,1,1,'2022-12-19 12:04:48','2022-12-19 12:04:48'),(170908,'LANCOME IDOLE L INTENSE SP 75ML',4,'10',40,NULL,'10400',NULL,'75ml',0,1,1,'2022-12-19 12:04:48','2022-12-19 12:04:48'),(170928,'AJMAL AMAZE HER 75 ML EDP',4,'10',22,NULL,'3000',NULL,'75ml',0,1,1,'2022-12-19 12:04:47','2022-12-19 12:04:47'),(170929,'AJMAL AMAZE HIM 75 ML EDP',4,'9',22,NULL,'3000',NULL,'75ml',0,1,1,'2022-12-19 12:04:47','2022-12-19 12:04:47'),(170940,'MONT BLANC MB SIGNATURE  EDP90ml',4,'10',43,NULL,'7000',NULL,'9ml',0,1,1,'2022-12-19 12:04:48','2022-12-19 12:04:48'),(170941,'MONT BLANC MB SIGNATURE  EDP50 ml',4,'9',43,NULL,'5600',NULL,'5ml',0,1,1,'2022-12-19 12:04:48','2022-12-19 12:04:48'),(170942,'MONT BLANC MB LEGEND EDP100 ml',4,'9',43,NULL,'7000',NULL,'1ml',0,1,1,'2022-12-19 12:04:48','2022-12-19 12:04:48'),(170954,'MONT BLANC PRESENCE MEN EDT 75ML',4,'9',43,NULL,'3100',NULL,'75ml',0,1,1,'2022-12-19 12:04:48','2022-12-19 12:04:48'),(170955,'MONT BLANC PRESENCE D\'UNE FEMME75ML EDT',4,'10',43,NULL,'3100',NULL,'75ml',0,1,1,'2022-12-19 12:04:48','2022-12-19 12:04:48'),(170956,'MONT BLANC INDIVIDUEL MEN75ML EDT',4,'9',43,NULL,'3100',NULL,'75ml',0,1,1,'2022-12-19 12:04:48','2022-12-19 12:04:48'),(170957,'MONT BLANC INDIVIDUEL WOMAN75ML EDT',4,'10',43,NULL,'3100',NULL,'75ml',0,1,1,'2022-12-19 12:04:48','2022-12-19 12:04:48'),(170958,'MONT BLANC STARWALKER75ML EDT',4,'9',43,NULL,'3100',NULL,'75ml',0,1,1,'2022-12-19 12:04:48','2022-12-19 12:04:48'),(171115,'JBL HEADSET EAR CANAL BT T125 BK',2,'5',4,NULL,'4000',NULL,NULL,0,1,1,'2022-12-19 12:04:46','2022-12-19 12:04:46'),(171116,'JBL HEADSET EAR CANAL BT T125 WH',2,'5',4,NULL,'3800',NULL,NULL,0,1,1,'2022-12-19 12:04:47','2022-12-19 12:04:47'),(171117,'JBL HEADSET EAR POD BT T215 BK',2,'5',4,NULL,'4400',NULL,NULL,0,1,1,'2022-12-19 12:04:47','2022-12-19 12:04:47'),(171289,'GIVENCHY ANGE OU DEMON EDP 50ML',4,'10',33,NULL,'8100',NULL,'5ml',0,1,1,'2022-12-19 12:04:48','2022-12-19 12:04:48'),(171290,'GIVENCHY ANGE OU DEMON EDP 100ML',4,'10',33,NULL,'10900',NULL,'1ml',0,1,1,'2022-12-19 12:04:48','2022-12-19 12:04:48'),(171300,'JPG LE MALE EDP 75ML',4,'9',37,NULL,'6000',NULL,'75ml',0,1,1,'2022-12-19 12:04:48','2022-12-19 12:04:48'),(171301,'JPG LE MALE EDP 125ML',4,'9',37,NULL,'8200',NULL,'125ml',0,1,1,'2022-12-19 12:04:48','2022-12-19 12:04:48'),(171303,'A.BANDERAS AB EDT 100ML VAP',4,'9',21,NULL,'2000',NULL,'1ml',0,1,1,'2022-12-19 12:04:47','2022-12-19 12:04:47'),(171433,'ARMANI EA SW YOU ABSOLU V50ML',4,'9',23,NULL,'7100',NULL,'5ml',0,1,1,'2022-12-19 12:04:47','2022-12-19 12:04:47'),(171434,'ARMANI EA SW YOU ABSOLU V100ML',4,'9',23,NULL,'9100',NULL,'1ml',0,1,1,'2022-12-19 12:04:47','2022-12-19 12:04:47'),(171437,'ARMANI NEW SI EDP INTENSE V50ML',4,'10',23,NULL,'8900',NULL,'5ml',0,1,1,'2022-12-19 12:04:47','2022-12-19 12:04:47'),(171438,'ARMANI NEW SI EDP INTENSE V100ML',4,'10',23,NULL,'12900',NULL,'1ml',0,1,1,'2022-12-19 12:04:47','2022-12-19 12:04:47'),(171608,'CK ETERNITY M FRESH RG EDT NS 100ML',4,'9',31,NULL,'6700',NULL,'1ml',0,1,1,'2022-12-19 12:04:48','2022-12-19 12:04:48'),(171610,'CK ETERNITY FRESH W EDP 100ML',4,'10',31,NULL,'7200',NULL,'1ml',0,1,1,'2022-12-19 12:04:48','2022-12-19 12:04:48'),(172008,'LINDT DARK TABLET 300G',3,'6',6,NULL,'1000',NULL,'3g',0,1,1,'2022-12-19 12:04:47','2022-12-19 12:04:47'),(172078,'MAC RETRO MATTE LIPSTICK RUBY WOO',1,'2',2,NULL,'1700',NULL,NULL,0,1,1,'2022-12-19 12:04:46','2022-12-19 12:04:46'),(172079,'MAC RETRO MATTE LIPSTICK RELENTLESSLY RED',1,'2',2,NULL,'1700',NULL,NULL,0,1,1,'2022-12-19 12:04:46','2022-12-19 12:04:46'),(172945,'CHIVAS REGAL 13YO EXTRA SHERRY 1L',5,'19',93,NULL,'4200',NULL,'1L',0,1,1,'2022-12-19 12:04:49','2022-12-19 12:04:49'),(173040,'GIVENCHY GENTLEMAN 21 EDT INTENSE 60ML',4,'9',33,NULL,'6500',NULL,'6ml',0,1,1,'2022-12-19 12:04:48','2022-12-19 12:04:48'),(173041,'GIVENCHY GENTLEMAN 21 EDT INTENSE 100ML',4,'9',33,NULL,'8600',NULL,'1ml',0,1,1,'2022-12-19 12:04:48','2022-12-19 12:04:48'),(173128,'ARMANI SABLET NUIT 100ML',4,'10',23,NULL,'24500',NULL,'1ml',0,1,1,'2022-12-19 12:04:47','2022-12-19 12:04:47'),(173139,'LANCOME IDOLE EDP 100ML',4,'10',40,NULL,'10200',NULL,'1ml',0,1,1,'2022-12-19 12:04:48','2022-12-19 12:04:48'),(173224,'CK DEFY MEN RG EDT 100ML',4,'9',31,NULL,'7300',NULL,'1ml',0,1,1,'2022-12-19 12:04:48','2022-12-19 12:04:48'),(173227,'BURBERRY HERO EDT 100ML',4,'9',26,NULL,'8400',NULL,'1ml',0,1,1,'2022-12-19 12:04:47','2022-12-19 12:04:47'),(173231,'MONT BLANC EXPLORER ULTRA BLUE EDP 100ML',4,'9',43,NULL,'7000',NULL,'1ml',0,1,1,'2022-12-19 12:04:48','2022-12-19 12:04:48'),(173306,'SMARTIES GT TRAVEL CARDS 130G',3,'6',19,NULL,'800',NULL,'13g',0,1,1,'2022-12-19 12:04:47','2022-12-19 12:04:47'),(173307,'SMARTIES GT STORY DICE 130G',3,'6',16,NULL,'800',NULL,'13g',0,1,1,'2022-12-19 12:04:47','2022-12-19 12:04:47'),(173392,'CHOPARD MALAKI AMBER EDP 80 ML',4,'11',30,NULL,'9800',NULL,'8ml',0,1,1,'2022-12-19 12:04:48','2022-12-19 12:04:48'),(173393,'CHOPARD MALAKI ROSE EDP 80 ML',4,'11',30,NULL,'9800',NULL,'8ml',0,1,1,'2022-12-19 12:04:48','2022-12-19 12:04:48'),(173441,'MONT BLANC LEGEND RED EDP 100ml',4,'9',43,NULL,'7000',NULL,'1ml',0,1,1,'2022-12-19 12:04:48','2022-12-19 12:04:48'),(173458,'JBL SPEAKER BT CLIP4BLU BL',2,'5',4,NULL,'7700',NULL,NULL,0,1,1,'2022-12-19 12:04:47','2022-12-19 12:04:47'),(173462,'JBL HEADSET ON EAR BT NC T660BTNCBLK BK',2,'5',4,NULL,'8400',NULL,NULL,0,1,1,'2022-12-19 12:04:47','2022-12-19 12:04:47'),(173600,'RALPH LAUREN RALPH\'S CLUB EDP 50ML',4,'9',48,NULL,'6800',NULL,'5ml',0,1,1,'2022-12-19 12:04:48','2022-12-19 12:04:48'),(173601,'RALPH LAUREN RALPH\'S CLUB EDP 100ML',4,'9',48,NULL,'9200',NULL,'1ml',0,1,1,'2022-12-19 12:04:48','2022-12-19 12:04:48'),(174179,'LEGO CREATOR SUPERBIKE',8,NULL,NULL,NULL,'2900',NULL,NULL,0,1,1,'2022-12-20 06:02:30','2022-12-20 06:02:30'),(174234,'SAMSONITE EVOA CELEB EDITION 55 BLK/GLD',9,NULL,NULL,NULL,'45600',NULL,NULL,0,1,1,'2022-12-20 06:02:30','2022-12-20 06:02:30'),(174250,'SAMSONITE VESTOR BACKPACK BLK',9,NULL,NULL,NULL,'18100',NULL,NULL,0,1,1,'2022-12-20 06:02:30','2022-12-20 06:02:30'),(174312,'KENZO FBK EDP 50ML',4,'9',38,NULL,'5900',NULL,'5ml',0,1,1,'2022-12-19 12:04:48','2022-12-19 12:04:48'),(174314,'KENZO KH EDTI 110ML',4,'9',38,NULL,'7600',NULL,'1ml',0,1,1,'2022-12-19 12:04:48','2022-12-19 12:04:48'),(174319,'LACOSTE MATCH POINT MALE EDP 50ML',4,'9',39,NULL,'5900',NULL,'5cl',0,1,1,'2022-12-19 12:04:48','2022-12-19 12:04:48'),(174320,'LACOSTE MATCH POINT MALE  EDP 100ML',4,'9',39,NULL,'7800',NULL,'1ml',0,1,1,'2022-12-19 12:04:48','2022-12-19 12:04:48'),(174321,'CHLOE SIGN EDP NATURELLE 100ML',4,'10',29,NULL,'10100',NULL,'1ml',0,1,1,'2022-12-19 12:04:48','2022-12-19 12:04:48'),(174326,'MINI HANUTA T19',3,'6',9,NULL,'500',NULL,NULL,0,1,1,'2022-12-19 12:04:47','2022-12-19 12:04:47'),(174327,'NUT & GO BREADSTICK T1',3,'6',9,NULL,'200',NULL,NULL,0,1,1,'2022-12-19 12:04:47','2022-12-19 12:04:47'),(174330,'KINDER MAXI T18',3,'6',8,NULL,'1000',NULL,NULL,0,1,1,'2022-12-19 12:04:47','2022-12-19 12:04:47'),(174331,'KINDER BUENO WHITE T2',3,'6',8,NULL,'1000',NULL,NULL,0,1,1,'2022-12-19 12:04:47','2022-12-19 12:04:47'),(174644,'TANG IFD ORANGE TUB 2KG',3,'7',12,NULL,'1100',NULL,'2kg',0,1,1,'2022-12-19 12:04:47','2022-12-19 12:04:47'),(174645,'TANG IFD MANGO TUB 2KG',3,'7',12,NULL,'1100',NULL,'2kg',0,1,1,'2022-12-19 12:04:47','2022-12-19 12:04:47'),(174727,'BVLGARI MAN TERRAE ESSENCE 100ML EDP',4,'9',27,NULL,'9800',NULL,'1ml',0,1,1,'2022-12-19 12:04:47','2022-12-19 12:04:47'),(174731,'NUTELLA BREADY T10',3,'6',9,NULL,'400',NULL,NULL,0,1,1,'2022-12-19 12:04:47','2022-12-19 12:04:47'),(174732,'NUTELLA BREADY T6',3,'6',9,NULL,'300',NULL,NULL,0,1,1,'2022-12-19 12:04:47','2022-12-19 12:04:47'),(174802,'GDVA TRFFS 8PCS 110G',3,'6',5,NULL,'2700',NULL,'11g',0,1,1,'2022-12-19 12:04:47','2022-12-19 12:04:47'),(174803,'GDVA DRK BLD ORNGE 90G',3,'6',5,NULL,'600',NULL,'9g',0,1,1,'2022-12-19 12:04:47','2022-12-19 12:04:47'),(174804,'GDVA DRK CHOC 72% 90G',3,'6',5,NULL,'600',NULL,'9g',0,1,1,'2022-12-19 12:04:47','2022-12-19 12:04:47'),(174805,'GDVA DRK CHOC 90% 90G',3,'6',5,NULL,'600',NULL,'9g',0,1,1,'2022-12-19 12:04:47','2022-12-19 12:04:47'),(174806,'GDVA DRK RSTD ALM 90G',3,'6',5,NULL,'600',NULL,'9g',0,1,1,'2022-12-19 12:04:47','2022-12-19 12:04:47'),(174807,'GDVA DRK SEA SALT 90G',3,'6',5,NULL,'600',NULL,'9g',0,1,1,'2022-12-19 12:04:47','2022-12-19 12:04:47'),(174808,'GDVA MILK CHOCOLATE 90G',3,'6',5,NULL,'600',NULL,'9g',0,1,1,'2022-12-19 12:04:47','2022-12-19 12:04:47'),(174809,'GDVA MLK HNY ALM 90G',3,'6',5,NULL,'600',NULL,'9g',0,1,1,'2022-12-19 12:04:47','2022-12-19 12:04:47'),(174810,'GDVA MLK SLTD CRML 90G',3,'6',5,NULL,'600',NULL,'9g',0,1,1,'2022-12-19 12:04:47','2022-12-19 12:04:47'),(175045,'TIFFANY ROSE GOLD EDP 75ML',4,'10',50,NULL,'10900',NULL,'75ml',0,1,1,'2022-12-19 12:04:48','2022-12-19 12:04:48'),(175046,'TIFFANY ROSE GOLD EDP 50ML',4,'10',50,NULL,'8700',NULL,'5ml',0,1,1,'2022-12-19 12:04:48','2022-12-19 12:04:48'),(175049,'ANKER POWER DRIVE 2 ALLOY',2,'4',3,NULL,'1800',NULL,NULL,0,1,1,'2022-12-19 12:04:46','2022-12-19 12:04:46'),(175051,'ANKER POWER DRIVE+III DUO',2,'4',3,NULL,'4300',NULL,NULL,0,1,1,'2022-12-19 12:04:46','2022-12-19 12:04:46'),(175052,'ANKER POWER WAVE+PAD WITH WATCH HOLDER',2,'4',3,NULL,'7000',NULL,NULL,0,1,1,'2022-12-19 12:04:46','2022-12-19 12:04:46'),(175054,'ANKER POWERCORE SELECT 10K',2,'4',3,NULL,'3100',NULL,NULL,0,1,1,'2022-12-19 12:04:46','2022-12-19 12:04:46'),(175058,'ANKER POWERLINE II 3-IN-1 CABLE',2,'4',3,NULL,'2300',NULL,NULL,0,1,1,'2022-12-19 12:04:46','2022-12-19 12:04:46'),(175059,'ANKER POWERLINE III IPH 3FT',2,'4',3,NULL,'1800',NULL,NULL,0,1,1,'2022-12-19 12:04:46','2022-12-19 12:04:46'),(175061,'ANKER POWERLINE MICRO 6FT CABLE',2,'4',3,NULL,'700',NULL,NULL,0,1,1,'2022-12-19 12:04:46','2022-12-19 12:04:46'),(175062,'ANKER POWERLINE SELECT+ IPH 6FT CABLE',2,'4',3,NULL,'1900',NULL,NULL,0,1,1,'2022-12-19 12:04:46','2022-12-19 12:04:46'),(175066,'ANKER POWERPORT 24W 2USB  ADAPTER',2,'4',3,NULL,'2100',NULL,NULL,0,1,1,'2022-12-19 12:04:46','2022-12-19 12:04:46'),(175068,'ANKER POWERPORT III 3PORT 65W',2,'4',3,NULL,'6500',NULL,NULL,0,1,1,'2022-12-19 12:04:46','2022-12-19 12:04:46'),(175069,'ANKER POWERPORT III 3PORT 65W ELITE',2,'4',3,NULL,'7300',NULL,NULL,0,1,1,'2022-12-19 12:04:46','2022-12-19 12:04:46'),(175075,'ANKER POWERPORT+ 1 QC',2,'4',3,NULL,'2400',NULL,NULL,0,1,1,'2022-12-19 12:04:46','2022-12-19 12:04:46'),(175080,'ANKER SOUNDCORE LIBERTY AIR2 PRO',2,'5',3,NULL,'15500',NULL,NULL,0,1,1,'2022-12-19 12:04:46','2022-12-19 12:04:46'),(175197,'MARC JACOBS  DAISY EAU SO INTENSE  EDP 50ML',4,'10',42,NULL,'7100',NULL,'5ml',0,1,1,'2022-12-19 12:04:48','2022-12-19 12:04:48'),(175198,'MARC JACOBS  DAISY EAU SO INTENSE  EDP 100ML',4,'10',42,NULL,'9600',NULL,'1ml',0,1,1,'2022-12-19 12:04:48','2022-12-19 12:04:48'),(175199,'MARC JACOBS  PERFECT INTENSE RG EDP 50ml',4,'10',42,NULL,'8100',NULL,'5ml',0,1,1,'2022-12-19 12:04:48','2022-12-19 12:04:48'),(175200,'MARC JACOBS  PERFECT INTENSE RG EDP 100ml',4,'10',42,NULL,'11000',NULL,'1ml',0,1,1,'2022-12-19 12:04:48','2022-12-19 12:04:48'),(175201,'MARC JACOBS  DAISY EDT 50ML',4,'10',42,NULL,'6200',NULL,'5ml',0,1,1,'2022-12-19 12:04:48','2022-12-19 12:04:48'),(175202,'MARC JACOBS  DAISY EDT 100ML',4,'10',42,NULL,'8300',NULL,'1ml',0,1,1,'2022-12-19 12:04:48','2022-12-19 12:04:48'),(175203,'MARC JACOBS  PERFECT EDP 50ML',4,'10',42,NULL,'7500',NULL,'5ml',0,1,1,'2022-12-19 12:04:48','2022-12-19 12:04:48'),(175204,'MARC JACOBS  PERFECT EDP 100ML',4,'10',42,NULL,'10000',NULL,'1ml',0,1,1,'2022-12-19 12:04:48','2022-12-19 12:04:48'),(175214,'RAYDAN  BLUEROSE PERFUME 100ML',4,'11',49,NULL,'12200',NULL,'1ml',0,1,1,'2022-12-19 12:04:48','2022-12-19 12:04:48'),(175215,'RAYDAN  LIMA PERFUME 100ML',4,'11',49,NULL,'10000',NULL,'1ml',0,1,1,'2022-12-19 12:04:48','2022-12-19 12:04:48'),(175217,'RAYDAN  AMBERIYA PERFUME 100ML',4,'11',49,NULL,'10000',NULL,'1ml',0,1,1,'2022-12-19 12:04:48','2022-12-19 12:04:48'),(175379,'C.HERERRA BAD BOY EDP 100ML RE 2021',4,'9',28,NULL,'9600',NULL,'1ml',0,1,1,'2022-12-19 12:04:47','2022-12-19 12:04:47'),(175391,'ANKER PWRLINE SELECT USB C TO USB C 2.0 CAB 6FT W',2,'4',3,NULL,'1300',NULL,NULL,0,1,1,'2022-12-19 12:04:46','2022-12-19 12:04:46'),(175392,'ANKER PWRLINE SELECT  USB CAB WITH LIGHT CNNCTR 3',2,'4',3,NULL,'1800',NULL,NULL,0,1,1,'2022-12-19 12:04:46','2022-12-19 12:04:46'),(175393,'ANKER POWERLINE III LIGHTNING CABLE BLACK 6FT',2,'4',3,NULL,'1900',NULL,NULL,0,1,1,'2022-12-19 12:04:46','2022-12-19 12:04:46'),(175394,'ANKER POWERLINE III LIGHTNING CABLE WHITE 6FT',2,'4',3,NULL,'1900',NULL,NULL,0,1,1,'2022-12-19 12:04:46','2022-12-19 12:04:46'),(175404,'ANKER PWRLINE II WITH LIGHT CONNECTOR 10FT BLACK',2,'4',3,NULL,'2900',NULL,NULL,0,1,1,'2022-12-19 12:04:46','2022-12-19 12:04:46'),(175405,'ANKER POWEREXPAND USB C TO HDMI ADAPTER',2,'4',3,NULL,'3400',NULL,NULL,0,1,1,'2022-12-19 12:04:46','2022-12-19 12:04:46'),(175406,'ANKER POWERWAVE SELECT MAGNATIC PAD BLACK',2,'4',3,NULL,'3400',NULL,NULL,0,1,1,'2022-12-19 12:04:46','2022-12-19 12:04:46'),(175407,'ANKER POWERWAVE SELECT  MAGNETIC PAD SILVER',2,'4',3,NULL,'3400',NULL,NULL,0,1,1,'2022-12-19 12:04:46','2022-12-19 12:04:46'),(175408,'ANKER SOUNCORE SKTRIE1 BLACK',2,'5',3,NULL,'3900',NULL,NULL,0,1,1,'2022-12-19 12:04:46','2022-12-19 12:04:46'),(175412,'ANKER POWEREXTEND USB C 3 STRIP WHITE',2,'4',3,NULL,'4300',NULL,NULL,0,1,1,'2022-12-19 12:04:46','2022-12-19 12:04:46'),(175414,'ANKER POWERCORE PLAY 6700 BLACK',2,'4',3,NULL,'5300',NULL,NULL,0,1,1,'2022-12-19 12:04:46','2022-12-19 12:04:46'),(175416,'ANKER POWERCORE SLIM 10000 PD FABRIC 20W BLACK',2,'4',3,NULL,'5800',NULL,NULL,0,1,1,'2022-12-19 12:04:46','2022-12-19 12:04:46'),(175417,'ANKER POWERCORE III SENSE 10000  FABRIC 20W BLUE',2,'4',3,NULL,'5800',NULL,NULL,0,1,1,'2022-12-19 12:04:46','2022-12-19 12:04:46'),(175418,'ANKER POWERCORE III SENSE 10000  FABRIC 20W RED',2,'4',3,NULL,'5800',NULL,NULL,0,1,1,'2022-12-19 12:04:46','2022-12-19 12:04:46'),(175419,'ANKER SOUNDCORE LIFE Q10 BLACK',2,'5',3,NULL,'6300',NULL,NULL,0,1,1,'2022-12-19 12:04:46','2022-12-19 12:04:46'),(175424,'ANKER SOUNDCORE STRICK G3 BLACK',2,'5',3,NULL,'7700',NULL,NULL,0,1,1,'2022-12-19 12:04:46','2022-12-19 12:04:46'),(175429,'JBL HEADSET EAR POD BT T215BTWHT WH',2,'5',4,NULL,'4200',NULL,NULL,0,1,1,'2022-12-19 12:04:47','2022-12-19 12:04:47'),(175454,'ARMANI EA SW YOU ONLY EDT V50ML',4,'10',23,NULL,'5600',NULL,'5ml',0,1,1,'2022-12-19 12:04:47','2022-12-19 12:04:47'),(175455,'ARMANI EA SW YOU ONLY EDT V100ML',4,'9',23,NULL,'7800',NULL,'1ml',0,1,1,'2022-12-19 12:04:47','2022-12-19 12:04:47'),(175795,'JPG SC PH EDT 100ML',4,'9',37,NULL,'8600',NULL,'1ml',0,1,1,'2022-12-19 12:04:48','2022-12-19 12:04:48'),(175876,'BOSS ALIVE INTENSE EDP 80ML 22IV',4,'10',25,NULL,'10000',NULL,'8ml',0,1,1,'2022-12-19 12:04:47','2022-12-19 12:04:47'),(175877,'BOSS SCENT LE PARFUM M EDP 100ML',4,'9',25,NULL,'8700',NULL,'1ml',0,1,1,'2022-12-19 12:04:47','2022-12-19 12:04:47'),(175878,'BOSS SCENT LE PARFUM M EDP 50ML',4,'9',25,NULL,'6500',NULL,'5ml',0,1,1,'2022-12-19 12:04:47','2022-12-19 12:04:47'),(175881,'CHLOE NOMADE EDP NATURELLE 75ML',4,'10',29,NULL,'11100',NULL,'75ml',0,1,1,'2022-12-19 12:04:48','2022-12-19 12:04:48'),(175901,'GIVENCHY IRR EDT FRAICHE 80ML',4,'10',33,NULL,'8600',NULL,'8ml',0,1,1,'2022-12-19 12:04:48','2022-12-19 12:04:48'),(175902,'GIVENCHY IRR EDT FRAICHE 50ML',4,'10',33,NULL,'7100',NULL,'5ml',0,1,1,'2022-12-19 12:04:48','2022-12-19 12:04:48'),(176545,'ISSEY MIYAKE EH EAU&CEDRE EDTI 100ML',4,'9',35,NULL,'8200',NULL,'1ml',0,1,1,'2022-12-19 12:04:48','2022-12-19 12:04:48'),(176548,'N.RODRIGUEZ FOR HER MUSC NOIR ROSE EDP 50ML',4,'10',45,NULL,'8100',NULL,'5ml',0,1,1,'2022-12-19 12:04:48','2022-12-19 12:04:48'),(176549,'N.RODRIGUEZ FOR HER MUSC NOIR ROSE EDP 100ML',4,'10',45,NULL,'10700',NULL,'1ml',0,1,1,'2022-12-19 12:04:48','2022-12-19 12:04:48'),(176551,'N.RODRIGUEZ NARCISO EDP CRISTAL 50ML',4,'10',45,NULL,'8100',NULL,'5ml',0,1,1,'2022-12-19 12:04:48','2022-12-19 12:04:48'),(176553,'N.RODRIGUEZ FOR HIM BLEU NOIR PARFUM 50ML',4,'9',45,NULL,'7200',NULL,'5ml',0,1,1,'2022-12-19 12:04:48','2022-12-19 12:04:48'),(176554,'N.RODRIGUEZ FOR HIM BLEU NOIR PARFUM 100ML',4,'9',45,NULL,'9800',NULL,'1ml',0,1,1,'2022-12-19 12:04:48','2022-12-19 12:04:48'),(176821,'KIEHLS MIDNIGHT RECOVERY CLOUD CREAM 50ml',6,NULL,NULL,NULL,'4500',NULL,NULL,0,1,1,'2022-12-20 06:02:30','2022-12-20 06:02:30'),(176863,'GIVENCHY GENTLEMAN 22 EDP RP 100ML',4,'9',33,NULL,'9300',NULL,'1ml',0,1,1,'2022-12-19 12:04:48','2022-12-19 12:04:48'),(176864,'GIVENCHY GENTLEMAN 22 EDP RP 60ML',4,'9',33,NULL,'7100',NULL,'6ml',0,1,1,'2022-12-19 12:04:48','2022-12-19 12:04:48'),(177841,'RITUALS   OF SAKURA BODY CREAM',6,'25',169,NULL,'2100',NULL,NULL,0,1,1,'2022-12-20 06:02:30','2022-12-20 06:02:30'),(177862,'BENEFIT BADGAL BANG WATERPROOF MASCARA',1,'1',1,NULL,'2800',NULL,'8.5g',0,1,1,'2022-12-19 12:04:46','2022-12-19 12:04:46'),(178090,'RALPH LAUREN BPW PINK 100ML EDT FG',4,'10',48,NULL,'3000',NULL,'1ml',0,1,1,'2022-12-19 12:04:48','2022-12-19 12:04:48'),(178175,'C.HERRERA GG VGG GLAM PARFUM 80ML',4,'10',28,NULL,'11500',NULL,'8ml',0,1,1,'2022-12-19 12:04:47','2022-12-19 12:04:47'),(178244,'LEGO DUPLO TOWN POLICE MOTORCYCLE B',8,NULL,NULL,NULL,'1400',NULL,NULL,0,1,1,'2022-12-20 06:02:30','2022-12-20 06:02:30'),(178316,'ASG 88 DS FOR MEN SP 100ML',4,'9',24,NULL,'4000',NULL,'1ml',0,1,1,'2022-12-19 12:04:47','2022-12-19 12:04:47'),(178317,'ASG 88 DS FOR WOMEN SP 100ML',4,'10',24,NULL,'4000',NULL,'1ml',0,1,1,'2022-12-19 12:04:47','2022-12-19 12:04:47'),(178545,'RALPH LAURENPOLO BLUE PARFUM 125ML FG G',4,'9',48,NULL,'9600',NULL,'125ml',0,1,1,'2022-12-19 12:04:48','2022-12-19 12:04:48'),(178598,'HERMES TERRE D\'HERMS EAU GIVREE EDP REFILL50ML',4,'9',34,NULL,'7200',NULL,'5ml',0,1,1,'2022-12-19 12:04:48','2022-12-19 12:04:48'),(178916,'COACH WOMEN WILD ROSE EDP 90ML',4,'10',32,NULL,'6900',NULL,'9ml',0,1,1,'2022-12-19 12:04:48','2022-12-19 12:04:48'),(178963,'AMT SCOUT BP 3 GREY',9,NULL,NULL,NULL,'4800',NULL,NULL,0,1,1,'2022-12-20 06:02:30','2022-12-20 06:02:30'),(178965,'AMT STRATA BP 2 SPORTY BLUE',9,NULL,NULL,NULL,'5100',NULL,NULL,0,1,1,'2022-12-20 06:02:30','2022-12-20 06:02:30'),(178966,'AMT STRATA BP 2 TEAL',9,NULL,NULL,NULL,'5100',NULL,NULL,0,1,1,'2022-12-20 06:02:30','2022-12-20 06:02:30'),(178967,'AMT TURK BACKPACK 01 NEO MINT',9,NULL,NULL,NULL,'2900',NULL,NULL,0,1,1,'2022-12-20 06:02:30','2022-12-20 06:02:30'),(178969,'AMT MATE BACKPACK 02 ICY BLUE',9,NULL,NULL,NULL,'3200',NULL,NULL,0,1,1,'2022-12-20 06:02:30','2022-12-20 06:02:30'),(178970,'AMT MATE BACKPACK 02 GOLDEN YELLOW',9,NULL,NULL,NULL,'3200',NULL,NULL,0,1,1,'2022-12-20 06:02:30','2022-12-20 06:02:30'),(178971,'AMT MATE BACKPACK 02 TEAL/RED',9,NULL,NULL,NULL,'3200',NULL,NULL,0,1,1,'2022-12-20 06:02:30','2022-12-20 06:02:30'),(178972,'AMT BFF BP01-PUR/MAGENTA',9,NULL,NULL,NULL,'1600',NULL,NULL,0,1,1,'2022-12-20 06:02:30','2022-12-20 06:02:30'),(178973,'AMT BFF BP 03- ORANGE',9,NULL,NULL,NULL,'1600',NULL,NULL,0,1,1,'2022-12-20 06:02:30','2022-12-20 06:02:30'),(178974,'AMT BFF BP 03- NAVY',9,NULL,NULL,NULL,'1600',NULL,NULL,0,1,1,'2022-12-20 06:02:30','2022-12-20 06:02:30'),(179635,'KIEHL\'S CLEAR CORR CCDSS 115ML',6,NULL,NULL,NULL,'13400',NULL,NULL,0,1,1,'2022-12-20 06:02:30','2022-12-20 06:02:30'),(179664,'RALPH LAUREN RALPH\'S CLUB PARFUM 100ML',4,'9',48,NULL,'10100',NULL,'1ml',0,1,1,'2022-12-19 12:04:48','2022-12-19 12:04:48'),(180016,'CK NEW M RG EDP DEFY 200ml 21 IV',4,'9',31,NULL,'10000',NULL,'2ml',0,1,1,'2022-12-19 12:04:48','2022-12-19 12:04:48'),(180019,'CK ETM PRF 50ML INTENSE 22IV',4,'9',31,NULL,'5600',NULL,'5ml',0,1,1,'2022-12-19 12:04:48','2022-12-19 12:04:48'),(180020,'CK ETM PRF 100ML INTENSE 22IV',4,'9',31,NULL,'7700',NULL,'1ml',0,1,1,'2022-12-19 12:04:48','2022-12-19 12:04:48'),(180022,'CK ETW EDPI 50ml INTENSE 22IV',4,'10',31,NULL,'5400',NULL,'5ml',0,1,1,'2022-12-19 12:04:48','2022-12-19 12:04:48'),(180034,'LACOSTE MATCH POINT COLOGNE MEN EDT 50ML',4,'9',39,NULL,'5400',NULL,'5ml',0,1,1,'2022-12-19 12:04:48','2022-12-19 12:04:48'),(180035,'LACOSTE MATCH POINT COLOGNE MEN EDT 100ML',4,'9',39,NULL,'7100',NULL,'1ml',0,1,1,'2022-12-19 12:04:48','2022-12-19 12:04:48'),(180228,'JBL HEADSET EAR CANAL T210RGD RG',2,'5',4,NULL,'1700',NULL,NULL,0,1,1,'2022-12-19 12:04:46','2022-12-19 12:04:46'),(180242,'ANKER A3213H11 SOUNDCORE LIFE U 2i  BLK',2,'5',3,NULL,'3000',NULL,NULL,0,1,1,'2022-12-19 12:04:46','2022-12-19 12:04:46'),(180245,'ANKER A1277H11 POWERCORE 26800 BLK',2,'4',3,NULL,'7700',NULL,NULL,0,1,1,'2022-12-19 12:04:46','2022-12-19 12:04:46'),(180361,'SAM ACC. FOLDABLE BP M BLACK',9,NULL,NULL,NULL,'16700',NULL,NULL,0,1,1,'2022-12-20 06:02:30','2022-12-20 06:02:30'),(180362,'SAM ACC. FOLDABLE BP S W/POUCH BLACK',9,NULL,NULL,NULL,'13900',NULL,NULL,0,1,1,'2022-12-20 06:02:30','2022-12-20 06:02:30'),(180373,'SAM SEFTON BP BLACK',9,NULL,NULL,NULL,'24400',NULL,NULL,0,1,1,'2022-12-20 06:02:30','2022-12-20 06:02:30'),(180374,'SAM SYNCH SP57/20 EXP BLACK',9,NULL,NULL,NULL,'22300',NULL,NULL,0,1,1,'2022-12-20 06:02:30','2022-12-20 06:02:30'),(180375,'SAM SYNCH SP57/20 EXP NAVY',9,NULL,NULL,NULL,'22300',NULL,NULL,0,1,1,'2022-12-20 06:02:30','2022-12-20 06:02:30'),(180376,'SAM SYNCH SP67/24 EXP BLACK',9,NULL,NULL,NULL,'24900',NULL,NULL,0,1,1,'2022-12-20 06:02:30','2022-12-20 06:02:30'),(180378,'SAM SYNCH SP79/29 EXP BLACK',9,NULL,NULL,NULL,'27400',NULL,NULL,0,1,1,'2022-12-20 06:02:30','2022-12-20 06:02:30'),(180379,'SAM SYNCH SP79/29 EXP NAVY',9,NULL,NULL,NULL,'27400',NULL,NULL,0,1,1,'2022-12-20 06:02:30','2022-12-20 06:02:30'),(180381,'SAM TRAVEL ESSENTIALS FOLD BP COVER M ANMIC BLACK',9,NULL,NULL,NULL,'1600',NULL,NULL,0,1,1,'2022-12-20 06:02:30','2022-12-20 06:02:30'),(180382,'SAM SBL HERMITAGE SP 56CM EXP BLACK',9,NULL,NULL,NULL,'65800',NULL,NULL,0,1,1,'2022-12-20 06:02:30','2022-12-20 06:02:30');
/*!40000 ALTER TABLE `products` ENABLE KEYS */;
UNLOCK TABLES;

--
-- Table structure for table `role_has_permissions`
--

DROP TABLE IF EXISTS `role_has_permissions`;
/*!40101 SET @saved_cs_client     = @@character_set_client */;
/*!50503 SET character_set_client = utf8mb4 */;
CREATE TABLE `role_has_permissions` (
  `permission_id` bigint unsigned NOT NULL,
  `role_id` bigint unsigned NOT NULL,
  PRIMARY KEY (`permission_id`,`role_id`),
  KEY `role_has_permissions_role_id_foreign` (`role_id`),
  CONSTRAINT `role_has_permissions_permission_id_foreign` FOREIGN KEY (`permission_id`) REFERENCES `permissions` (`id`) ON DELETE CASCADE,
  CONSTRAINT `role_has_permissions_role_id_foreign` FOREIGN KEY (`role_id`) REFERENCES `roles` (`id`) ON DELETE CASCADE
) ENGINE=InnoDB DEFAULT CHARSET=utf8mb4 COLLATE=utf8mb4_unicode_ci;
/*!40101 SET character_set_client = @saved_cs_client */;

--
-- Dumping data for table `role_has_permissions`
--

LOCK TABLES `role_has_permissions` WRITE;
/*!40000 ALTER TABLE `role_has_permissions` DISABLE KEYS */;
INSERT INTO `role_has_permissions` VALUES (9,1),(2,2),(3,2),(4,2),(5,2),(6,2),(8,3),(3,4),(2,5),(3,6),(2,8),(1,9),(2,9),(3,9),(4,9),(5,9),(6,9),(7,9),(8,9),(9,9),(1,10),(7,10),(5,11);
/*!40000 ALTER TABLE `role_has_permissions` ENABLE KEYS */;
UNLOCK TABLES;

--
-- Table structure for table `roles`
--

DROP TABLE IF EXISTS `roles`;
/*!40101 SET @saved_cs_client     = @@character_set_client */;
/*!50503 SET character_set_client = utf8mb4 */;
CREATE TABLE `roles` (
  `id` bigint unsigned NOT NULL AUTO_INCREMENT,
  `name` varchar(255) COLLATE utf8mb4_unicode_ci NOT NULL,
  `guard_name` varchar(255) COLLATE utf8mb4_unicode_ci NOT NULL,
  `created_at` timestamp NULL DEFAULT NULL,
  `updated_at` timestamp NULL DEFAULT NULL,
  PRIMARY KEY (`id`),
  UNIQUE KEY `roles_name_guard_name_unique` (`name`,`guard_name`)
) ENGINE=InnoDB AUTO_INCREMENT=12 DEFAULT CHARSET=utf8mb4 COLLATE=utf8mb4_unicode_ci;
/*!40101 SET character_set_client = @saved_cs_client */;

--
-- Dumping data for table `roles`
--

LOCK TABLES `roles` WRITE;
/*!40000 ALTER TABLE `roles` DISABLE KEYS */;
INSERT INTO `roles` VALUES (1,'Order Manager','web','2023-01-22 10:59:01','2023-01-22 10:59:01'),(2,'Master Manager','web','2023-01-22 11:06:52','2023-01-22 15:56:39'),(3,'Product Manager','web','2023-01-22 11:09:35','2023-01-22 15:57:17'),(4,'test3','web','2023-01-22 12:13:06','2023-01-22 12:13:06'),(5,'test 4','web','2023-01-22 12:15:18','2023-01-22 12:15:18'),(6,'test 45','web','2023-01-22 12:15:56','2023-01-22 12:15:56'),(7,'New Role','web','2023-01-22 14:33:27','2023-01-22 14:33:27'),(8,'test8','web','2023-01-22 14:34:22','2023-01-22 14:34:22'),(9,'admin','web','2023-01-22 15:58:04','2023-01-22 15:58:04'),(10,'Super Admin','web','2023-01-22 16:03:25','2023-01-22 16:03:25'),(11,'test chingles','web','2023-01-22 16:16:11','2023-01-22 16:16:11');
/*!40000 ALTER TABLE `roles` ENABLE KEYS */;
UNLOCK TABLES;

--
-- Table structure for table `sub_categories`
--

DROP TABLE IF EXISTS `sub_categories`;
/*!40101 SET @saved_cs_client     = @@character_set_client */;
/*!50503 SET character_set_client = utf8mb4 */;
CREATE TABLE `sub_categories` (
  `id` int unsigned NOT NULL AUTO_INCREMENT,
  `sub_category_name` varchar(127) NOT NULL COMMENT 'category name',
  `category_id` int NOT NULL COMMENT 'category_id mapped with id in category table',
  `status` tinyint NOT NULL DEFAULT '1' COMMENT '1 for active and 0 for inactive',
  `created_at` timestamp NULL DEFAULT CURRENT_TIMESTAMP,
  `updated_at` timestamp NOT NULL DEFAULT CURRENT_TIMESTAMP,
  PRIMARY KEY (`id`),
  KEY `category_id` (`category_id`),
  KEY `sub_category_name` (`sub_category_name`),
  KEY `status` (`status`)
) ENGINE=InnoDB AUTO_INCREMENT=30 DEFAULT CHARSET=latin1;
/*!40101 SET character_set_client = @saved_cs_client */;

--
-- Dumping data for table `sub_categories`
--

LOCK TABLES `sub_categories` WRITE;
/*!40000 ALTER TABLE `sub_categories` DISABLE KEYS */;
INSERT INTO `sub_categories` VALUES (1,'Colour - Eye',1,1,'2022-12-19 12:00:09','2022-12-19 12:00:09'),(2,'Colour - Lip',1,1,'2022-12-19 12:00:09','2022-12-19 12:00:09'),(3,'Colour - Face',1,1,'2022-12-19 12:00:09','2022-12-19 12:00:09'),(4,'Accessories',2,1,'2022-12-19 12:00:09','2022-12-19 12:00:09'),(5,'Sound Devices',2,1,'2022-12-19 12:00:09','2022-12-19 12:00:09'),(6,'Confectionery',3,1,'2022-12-19 12:00:09','2022-12-19 12:00:09'),(7,'Powder Drinks',3,1,'2022-12-19 12:00:09','2022-12-19 12:00:09'),(8,'Snacks',3,1,'2022-12-19 12:00:09','2022-12-19 12:00:09'),(9,'Mens Fragrances',4,1,'2022-12-19 12:00:09','2022-12-19 12:00:09'),(10,'Ladies Fragrances',4,1,'2022-12-19 12:00:09','2022-12-19 12:00:09'),(11,'UniSex Fragrances',4,1,'2022-12-19 12:00:09','2022-12-19 12:00:09'),(12,'Liquer/Aperatif',5,0,'2022-12-19 12:00:09','2022-12-19 12:47:17'),(13,'Beer/RTD',5,0,'2022-12-19 12:00:09','2022-12-19 12:47:26'),(14,'Brandy',5,1,'2022-12-19 12:00:09','2022-12-19 12:00:09'),(15,'World Whisky',5,1,'2022-12-19 12:00:09','2022-12-19 12:00:09'),(16,'Wine',5,1,'2022-12-19 12:00:09','2022-12-19 12:00:09'),(17,'Rum',5,1,'2022-12-19 12:00:09','2022-12-19 12:00:09'),(18,'Gin',5,1,'2022-12-19 12:00:09','2022-12-19 12:00:09'),(19,'Blended Scotch',5,1,'2022-12-19 12:00:09','2022-12-19 12:00:09'),(20,'Tequila',5,1,'2022-12-19 12:00:09','2022-12-19 12:00:09'),(21,'Single Malt',5,1,'2022-12-19 12:00:09','2022-12-19 12:00:09'),(22,'Vodka',5,1,'2022-12-19 12:00:09','2022-12-19 12:00:09'),(23,'Cognac',5,1,'2022-12-19 12:00:09','2022-12-19 12:00:09'),(24,'Mens SkinCare',6,1,'2022-12-19 12:00:09','2022-12-19 12:00:09'),(25,'Ladies SkinCare',6,1,'2022-12-19 12:00:09','2022-12-19 12:00:09'),(26,'Shisha',7,1,'2022-12-19 12:00:09','2022-12-19 12:00:09'),(27,'Cigarettes/Cigar',7,1,'2022-12-19 12:00:09','2022-12-19 12:00:09'),(28,'Novelties',8,1,'2022-12-19 12:00:09','2022-12-19 12:00:09'),(29,'Luggage',9,1,'2022-12-19 12:00:09','2022-12-19 12:00:09');
/*!40000 ALTER TABLE `sub_categories` ENABLE KEYS */;
UNLOCK TABLES;

--
-- Table structure for table `users`
--

DROP TABLE IF EXISTS `users`;
/*!40101 SET @saved_cs_client     = @@character_set_client */;
/*!50503 SET character_set_client = utf8mb4 */;
CREATE TABLE `users` (
  `id` bigint unsigned NOT NULL AUTO_INCREMENT,
  `name` varchar(255) CHARACTER SET utf8mb4 COLLATE utf8mb4_unicode_ci NOT NULL,
  `email` varchar(255) CHARACTER SET utf8mb4 COLLATE utf8mb4_unicode_ci NOT NULL,
  `email_verified_at` timestamp NULL DEFAULT NULL,
  `password` varchar(255) CHARACTER SET utf8mb4 COLLATE utf8mb4_unicode_ci NOT NULL,
  `remember_token` varchar(100) CHARACTER SET utf8mb4 COLLATE utf8mb4_unicode_ci DEFAULT NULL,
  `created_at` timestamp NULL DEFAULT NULL,
  `updated_at` timestamp NULL DEFAULT NULL,
  `comment` tinyint(1) DEFAULT '1',
  `status` tinyint(1) DEFAULT '1',
  PRIMARY KEY (`id`),
  UNIQUE KEY `users_email_unique` (`email`)
) ENGINE=InnoDB AUTO_INCREMENT=6 DEFAULT CHARSET=utf8mb4 COLLATE=utf8mb4_unicode_ci;
/*!40101 SET character_set_client = @saved_cs_client */;

--
-- Dumping data for table `users`
--

LOCK TABLES `users` WRITE;
/*!40000 ALTER TABLE `users` DISABLE KEYS */;
INSERT INTO `users` VALUES (1,'admin','admin@sbreward.com',NULL,'$2y$10$FWLw.avMmcbmI8GfuD/s/OjDx6gxm/ByVT/3cLB5hQn6tpkS3EPC6',NULL,'2022-10-13 07:00:50','2022-10-13 07:00:50',1,1),(2,'Rana','mukesh@experiences.digital',NULL,'Rana626@@#',NULL,NULL,NULL,1,1),(3,'test23','test23@gmail.com',NULL,'$2y$10$S6x/gt8ud72I89LOrunw4.hwQgABx9Wv0j9a2O.nZUwJoOsrLwWMS',NULL,'2023-01-22 14:37:01','2023-01-22 14:37:01',1,1),(4,'Sindbad','admin@sindbad.com',NULL,'$2y$10$h5/rTJYkyBdOEo8dXwYoYOraZLBV/vc1HtOjE0GyOuRvdSVxcwWO.',NULL,'2023-01-22 15:59:38','2023-01-22 15:59:38',1,1),(5,'master manager','master@gmail.com',NULL,'$2y$10$TA1QSYD2BmXw4JohxwEWheqKjq3QRZIXob.8UrnglscfIZssHXr9O',NULL,'2023-01-22 16:19:11','2023-01-22 16:19:11',1,1);
/*!40000 ALTER TABLE `users` ENABLE KEYS */;
UNLOCK TABLES;
/*!40103 SET TIME_ZONE=@OLD_TIME_ZONE */;

/*!40101 SET SQL_MODE=@OLD_SQL_MODE */;
/*!40014 SET FOREIGN_KEY_CHECKS=@OLD_FOREIGN_KEY_CHECKS */;
/*!40014 SET UNIQUE_CHECKS=@OLD_UNIQUE_CHECKS */;
/*!40101 SET CHARACTER_SET_CLIENT=@OLD_CHARACTER_SET_CLIENT */;
/*!40101 SET CHARACTER_SET_RESULTS=@OLD_CHARACTER_SET_RESULTS */;
/*!40101 SET COLLATION_CONNECTION=@OLD_COLLATION_CONNECTION */;
/*!40111 SET SQL_NOTES=@OLD_SQL_NOTES */;

-- Dump completed on 2023-01-23 23:05:29
